candidate_name,email,phone,skills,summary,experience,degree,university,Category,text_for_tfidf,text_for_embed,text_for_embed_with_punctuation,ground_truth
Rina Putri,rina.putri@example.com,6281234567890,"kepemimpinan, google workspace, kerja tim, microsoft office, penanganan gawat, diagnosis klinis, pemecahan masalah, darurat, sistem informasi rumah, komunikasi efektif, manajemen pasien, sakit (sir), penggunaan alat medis","dokter umum yang berdedikasi dengan pengalaman lebih dari 3 tahun di pelayanan kesehatan primer. memiliki keterampilan klinis yang kuat dalam mendiagnosis dan merawat pasien dengan berbagai kondisi medis. berorientasi pada pelayanan pasien, mampu bekerja di bawah tekanan, dan memiliki komunikasi yang efektif dengan tim medis maupun pasien.","lebih dari 3 tahun  di pelayanan kesehatan primer. memiliki keterampilan klinis yang kuat  dalam mendiagnosis dan merawat pasien dengan berbagai kondisi  medis. berorientasi pada pelayanan pasien, mampu bekerja di bawah  tekanan, dan memiliki komunikasi yang efektif dengan tim medis  maupun pasien.",S1,universitas indonesia jakarta lulus dengan predikat cum laude,Healthcare,summary dedicated general practitioner 3 years experience primary health care strong clinical skills diagnosing treating patients variety medical conditions oriented towards patient service able work pressure effective communication medical team patients experience 3 years primary health care strong clinical skills diagnosing treating patients variety medical conditions oriented towards patient service able work pressure effective communication medical team patients skills leadership google workspace teamwork microsoft office emergency treatment clinical diagnosis problem solving emergency home information system effective communication patient management pain sir use medical equipment education bachelor medicine sked september 2016 august 2020 university indonesia jakarta graduated cum laude gpa 385400 doctor profession september 2020 september 2021 cipto mangunkusumo hospital jakarta completed internship program satisfactory assessment,summary dedicated general practitioner with more than 3 years experience in primary health care have strong clinical skills in diagnosing and treating patients with a variety of medical conditions oriented towards patient service able to work under pressure and have effective communication with the medical team and patients experience more than 3 years in primary health care have strong clinical skills in diagnosing and treating patients with a variety of medical conditions oriented towards patient service able to work under pressure and have effective communication with the medical team and patients skills leadership google workspace teamwork microsoft office emergency treatment clinical diagnosis problem solving emergency home information system effective communication patient management pain sir use of medical equipment education bachelor of medicine sked september 2016 august 2020 university of indonesia jakarta graduated cum laude gpa 385400 doctor profession september 2020 september 2021 cipto mangunkusumo hospital jakarta completed the internship program with a very satisfactory assessment,"summary: dedicated general practitioner with more than 3 years experience in primary health care. have strong clinical skills in diagnosing and treating patients with a variety of medical conditions. oriented towards patient service, able to work under pressure, and have effective communication with the medical team and patients. experience: more than 3 years in primary health care. have strong clinical skills in diagnosing and treating patients with a variety of medical conditions. oriented towards patient service, able to work under pressure, and have effective communication with the medical team and patients. skills: leadership, google workspace, teamwork, microsoft office, emergency treatment, clinical diagnosis, problem solving, emergency, home information system, effective communication, patient management, pain (sir), use of medical equipment education: bachelor of medicine (s.ked) september 2016 - august 2020 university of indonesia jakarta graduated cum laude (gpa: 3.85/4.00) doctor profession september 2020 - september 2021 cipto mangunkusumo hospital jakarta completed the internship program with a very satisfactory assessment.","['Perawat', 'Nurse', 'Medical Representative']"
Siti Rahayu,siti.rahayu@email.com,62812345678900,"asisten keperawatan magang februari 2023 - mei 2023, pengukuran tanda vital, lsp kesehatan (2023), proyek, psikologis, guna meningkatkan kualitas hidup mereka., tanda vital dan melaporkan hasilnya kepada perawat senior., sertifikasi, magang, proyek akhir: perawatan pasien geriatri mei 2023 - juni 2023, perawatan pasien, empati, kerja sama tim, administrasi medis, komunikasi efektif, lorem ipsum hospital surabaya, manajemen waktu",-,"dalam memberikan perawatan dasar, mendampingi  pasien dalam aktivitas harian, serta bekerja sama dengan tim medis untuk mendukung kesembuhan pasien.",-,-,Healthcare,summary experience providing basic care accompanying patients daily activities working medical team support patient recovery skills nursing assistant internship february 2023 may 2023 measuring vital signs health lsp 2023 project psychology improve quality life vital signs reporting results senior nurses certification internship final project geriatric patient care may 2023 june 2023 patient care empathy teamwork medical administration effective communication lorem ipsum hospital surabaya time management education nursing assistant august 2020 july 2023 surabaya nursing assistant vocational school studies basics nursing including patient care medical administration well ethics law nursing,summary experience in providing basic care accompanying patients in daily activities and working with the medical team to support patient recovery skills nursing assistant internship february 2023 may 2023 measuring vital signs health lsp 2023 project psychology to improve their quality of life vital signs and reporting the results to senior nurses certification internship final project geriatric patient care may 2023 june 2023 patient care empathy teamwork medical administration effective communication lorem ipsum hospital surabaya time management education nursing assistant august 2020 july 2023 surabaya nursing assistant vocational school studies the basics of nursing including patient care medical administration as well as ethics and law in nursing,"summary: experience: in providing basic care, accompanying patients in daily activities, and working with the medical team to support patient recovery. skills: nursing assistant internship february 2023 - may 2023, measuring vital signs, health lsp (2023), project, psychology, to improve their quality of life., vital signs and reporting the results to senior nurses., certification, internship, final project: geriatric patient care may 2023 - june 2023, patient care, empathy, teamwork, medical administration, effective communication, lorem ipsum hospital surabaya, time management education: nursing assistant august 2020 - july 2023 surabaya nursing assistant vocational school studies the basics of nursing, including patient care, medical administration, as well as ethics and law in nursing.","['Perawat', 'Nurse', 'Medical Representative']"
Rina Hidayati,rina.hidayati@email.com,6281123456789,"lorem ipsum corp jakarta, software sertifikasi, proyek, optimalisasi layanan pelanggan april 2023 - juni 2023, penanganan keluhan, yang lebih cepat, yang menghasilkan peningkatan kepuasan pelanggan, pengelolaan data, sertifikat pelatihan call center nomor 2021/7890/cc, lorem ipsum training center (2021), berperan dalam pengembangan sistem penanganan keluhan pelanggan, microsoft office, zendesk, crm, pelanggan, kerjasama tim, komunikasi efektif, penggunaan sistem crm, manajemen waktu, kemampuan bernegosiasi","seorang profesional call center dengan pengalaman lebih dari 2 tahun dalam menangani keluhan pelanggan, memberikan solusi, dan memastikan kepuasan pelanggan. memiliki kemampuan komunikasi yang baik serta mampu bekerja di bawah tekanan untuk mencapai target yang ditetapkan perusahaan.","lebih dari 2 tahun  dalam menangani keluhan pelanggan, memberikan solusi, dan  memastikan kepuasan pelanggan. memiliki kemampuan komunikasi  yang baik serta mampu bekerja di bawah tekanan untuk mencapai  target yang ditetapkan perusahaan.  pengalaman kerja customer service representative februari 2022 - agustus 2023  lorem ipsum corp jakarta  menangani panggilan masuk dari pelanggan terkait layanan dan produk  perusahaan. memberikan solusi cepat dan efektif terhadap keluhan  pelanggan serta memastikan masalah terselesaikan dalam waktu yang  ditentukan.  call center agent september 2020 - sekarang  dolor sit amet co. bandung  melayani panggilan pelanggan terkait informasi produk dan layanan,  menangani pengaduan, serta mengarahkan pelanggan kepada solusi  yang tepat sesuai dengan kebutuhan mereka.",SMA,-,Customer Service,summary call center professional 2 years experience handling customer complaints providing solutions ensuring customer satisfaction good communication skills able work pressure achieve targets set company experience 2 years handling customer complaints providing solutions ensuring customer satisfaction good communication skills able work pressure achieve targets set company customer service representative work experience february 2022 august 2023 lorem ipsum corp jakarta handling incoming calls customers regarding companys services products provide fast effective solutions customer complaints ensure problems resolved within specified time call center agent september 2020 dolor sit amet co bandung serves customer calls regarding product service information handles complaints directs customers right solution according needs skills lorem ipsum corp jakarta certification software projects customer service optimization april 2023 june 2023 faster complaint handling resulting increased customer satisfaction data management call center training certificate number 20217890cc lorem ipsum training center 2021 role developing customer complaint handling system microsoft office zendesk crm customers teamwork effective communication use crm systems time management negotiation skills education social sciences august 2017 july 2020 sma negeri 5 jakarta jakarta majoring social sciences focus economics sociology geography,summary a call center professional with more than 2 years of experience in handling customer complaints providing solutions and ensuring customer satisfaction have good communication skills and able to work under pressure to achieve targets set by the company experience more than 2 years in handling customer complaints providing solutions and ensuring customer satisfaction have good communication skills and able to work under pressure to achieve targets set by the company customer service representative work experience february 2022 august 2023 lorem ipsum corp jakarta handling incoming calls from customers regarding the companys services and products provide fast and effective solutions to customer complaints and ensure problems are resolved within the specified time call center agent september 2020 now dolor sit amet co bandung serves customer calls regarding product and service information handles complaints and directs customers to the right solution according to their needs skills lorem ipsum corp jakarta certification software projects customer service optimization april 2023 june 2023 faster complaint handling resulting in increased customer satisfaction data management call center training certificate number 20217890cc lorem ipsum training center 2021 role in developing a customer complaint handling system microsoft office zendesk crm customers teamwork effective communication use of crm systems time management negotiation skills education social sciences august 2017 july 2020 sma negeri 5 jakarta jakarta majoring in social sciences with a focus on economics sociology and geography,"summary: a call center professional with more than 2 years of experience in handling customer complaints, providing solutions, and ensuring customer satisfaction. have good communication skills and able to work under pressure to achieve targets set by the company. experience: more than 2 years in handling customer complaints, providing solutions, and ensuring customer satisfaction. have good communication skills and able to work under pressure to achieve targets set by the company. customer service representative work experience february 2022 - august 2023 lorem ipsum corp jakarta handling incoming calls from customers regarding the company's services and products. provide fast and effective solutions to customer complaints and ensure problems are resolved within the specified time. call center agent september 2020 - now dolor sit amet co. bandung serves customer calls regarding product and service information, handles complaints, and directs customers to the right solution according to their needs. skills: lorem ipsum corp jakarta, certification software, projects, customer service optimization april 2023 - june 2023, faster complaint handling, resulting in increased customer satisfaction, data management, call center training certificate number 2021/7890/cc, lorem ipsum training center (2021), role in developing a customer complaint handling system, microsoft office, zendesk, crm, customers, teamwork, effective communication, use of crm systems, time management, negotiation skills education: social sciences august 2017 - july 2020 sma negeri 5 jakarta jakarta majoring in social sciences with a focus on economics, sociology and geography.","['Customer Service', 'Customer Success Officer', 'Customer Relationship Officer']"
Rina Sari,rina.sari@example.com,6281234567890,"kepemimpinan, matlab, excel, perancangan proses, kerja tim, autocad, pemrograman matlab, analisis data, aspen plus, pemecahan masalah, rekayasa termal, komunikasi efektif, optimasi proses, simulasi proses kimia, manajemen waktu",-,"dalam penelitian, analisis data, dan perancangan proses. memiliki keterampilan dalam  pengolahan data serta pengembangan solusi teknis untuk meningkatkan efisiensi produksi. mampu bekerja  dalam tim dan berkomunikasi dengan baik dalam lingkungan yang dinamis.",S1,universitas pendidikan indonesia bandung ipk,Data,summary experience research data analysis process design skills data processing developing technical solutions increase production efficiency able work team communicate well dynamic environment skills leadership matlab excel process design team work autocad matlab programming data analysis aspen plus problem solving thermal engineering effective communication process optimization chemical process simulation time management education bachelor chemical engineering st october 2019 august 2024 indonesian education university bandung gpa 380400 final project optimization study process making biodiesel used cooking oil,summary experience in research data analysis and process design have skills in data processing and developing technical solutions to increase production efficiency able to work in a team and communicate well in a dynamic environment skills leadership matlab excel process design team work autocad matlab programming data analysis aspen plus problem solving thermal engineering effective communication process optimization chemical process simulation time management education bachelor of chemical engineering st october 2019 august 2024 indonesian education university bandung gpa 380400 final project optimization study of the process of making biodiesel from used cooking oil,"summary: experience: in research, data analysis, and process design. have skills in data processing and developing technical solutions to increase production efficiency. able to work in a team and communicate well in a dynamic environment. skills: leadership, matlab, excel, process design, team work, autocad, matlab programming, data analysis, aspen plus, problem solving, thermal engineering, effective communication, process optimization, chemical process simulation, time management education: bachelor of chemical engineering (s.t.) october 2019 - august 2024 indonesian education university bandung gpa: 3.80/4.00 final project: optimization study of the process of making biodiesel from used cooking oil","['Data Analyst for Production Staff (CODE : PROD DA)', 'Data Scientist', 'Jr. Specialist Data Stewards']"
Rizal Alfian,rizal.alfian@example.com,6281234567890,"hmt elektro upi bandung, autocad electrical, referensi, ipk: 3.80/4.00, proteus, matlab, soft skills:, desain sirkuit, linkedin.com/in/rizal-alfian | www.rizalalfian.com, rizal.alfian@example.com | +6281234567890, pemecahan masalah, komunikasi efektif, rizal alfian, kepemimpinan, riwayat organisasi, bandung, jawa barat 40125, keahlian, penghargaan, +6281234567891 | budi.santoso@upi.edu, pt ipsum lorem bandung, kerja tim, software skills:, bahasa, hard skills:, arduino ide, pengujian perangkat keras, mendalami teknologi baru, pemrograman mikrokontroler, hobi, analisis sinyal, untuk pengujian fungsional.",-,"dalam desain sirkuit dan pengujian perangkat, serta memiliki keterampilan pemrograman untuk  aplikasi berbasis perangkat keras. mencari peluang untuk berkontribusi dalam industri teknologi dan  elektronika, serta siap untuk berkembang dalam lingkungan kerja yang inovatif.",S1,universitas pendidikan indonesia bandung ipk,Engineering,summary experience circuit design device testing well programming skills hardwarebased applications looking opportunities contribute technology electronics industry ready thrive innovative work environment skills hmt electro upi bandung autocad electrical reference gpa 380400 proteus matlab soft skills circuit design linkedincominrizalalfian wwwrizalalfiancom rizalalfianexamplecom 6281234567890 problem solving effective communication rizal alfian leadership organizational history bandung west java 40125 skills awards 6281234567891 budisantosoupiedu pt ipsum lorem bandung team work software skills language hard skills arduino ideas hardware testing exploring new technology microcontroller programming hobbies signal analysis functional testing education bachelor electrical engineering october 2019 july 2024 indonesian education university bandung gpa 380400 thesis arduino microcontroller based dc motor control system design,summary experience in circuit design and device testing as well as programming skills for hardwarebased applications looking for opportunities to contribute to the technology and electronics industry and ready to thrive in an innovative work environment skills hmt electro upi bandung autocad electrical reference gpa 380400 proteus matlab soft skills circuit design linkedincominrizalalfian wwwrizalalfiancom rizalalfianexamplecom 6281234567890 problem solving effective communication rizal alfian leadership organizational history bandung west java 40125 skills awards 6281234567891 budisantosoupiedu pt ipsum lorem bandung team work software skills language hard skills arduino ideas hardware testing exploring new technology microcontroller programming hobbies signal analysis for functional testing education bachelor of electrical engineering october 2019 july 2024 indonesian education university bandung gpa 380400 thesis arduino microcontroller based dc motor control system design,"summary: experience: in circuit design and device testing, as well as programming skills for hardware-based applications. looking for opportunities to contribute to the technology and electronics industry, and ready to thrive in an innovative work environment. skills: hmt electro upi bandung, autocad electrical, reference, gpa: 3.80/4.00, proteus, matlab, soft skills:, circuit design, linkedin.com/in/rizal-alfian | www.rizalalfian.com, rizal.alfian@example.com | +6281234567890, problem solving, effective communication, rizal alfian, leadership, organizational history, bandung, west java 40125, skills, awards, +6281234567891 | budi.santoso@upi.edu, pt ipsum lorem bandung, team work, software skills:, language, hard skills:, arduino ideas, hardware testing, exploring new technology, microcontroller programming, hobbies, signal analysis, for functional testing. education: bachelor of electrical engineering october 2019 - july 2024 indonesian education university bandung gpa: 3.80/4.00 thesis: 'arduino microcontroller based dc motor control system design'","['Engineer Staff', 'Project Engineer', 'Electrical Engineering (Kosmetik & Farmasi)']"
Rizki Andriansyah,rizki.andriansyah@example.com,6281234567890,"referensi, rizki andriansyah, hobi, pt lorem ipsum teknologi tangerang, soft skills:, microsoft office, pemrograman (python, java, html/css), linkedin.com/in/rizki-andriansyah | www.rizkiandriansyah.com, tangerang, banten 15310, pemecahan masalah, rizki.andriansyah@example.com | +6281234567890, mengembangkan aplikasi, wireshark, komunikasi efektif, jaringan komputer (tcp/ip, routing, vpn), riwayat organisasi, jurusan: teknik komputer dan jaringan, keahlian, penghargaan, smk negeri 1 tangerang tangerang, kerja tim, nilai rata-rata: 85/100, software skills:, bahasa, optimasi dan troubleshooting., hard skills:, cisco packet tracer, +6281234567891 | siti.maemunah@sman1tangerang.sch.id, (2023), manajemen waktu",-,dalam magang di  perusahaan teknologi dan proyek it selama masa,-,-,Education,summary experience internships technology companies projects period skills references rizki andriansyah hobbies pt lorem ipsum technology tangerang soft skills microsoft office programming python java htmlcss linkedincominrizkiandriansyah wwwrizkiandriansyahcom tangerang banten 15310 problem solving rizkiandriansyahexamplecom 6281234567890 developing applications wireshark effective communication computer networks tcpip routing vpn organizational history major computer network engineering skills awards smk negeri 1 tangerang tangerang teamwork average score 85100 software skills language optimization troubleshooting hard skills cisco packet tracer 6281234567891 sitimaemunahsman1tangerangschid 2023 time management education able work team independently ready contribute field information technology education smk negeri 1 tangerang august 2021 july 2024 smk negeri 1 tangerang tangerang major computer network engineering average score 85100 achievement 2nd place banten province computer networks competition 2023,summary experience in internships at technology companies and it projects during the period skills references rizki andriansyah hobbies pt lorem ipsum technology tangerang soft skills microsoft office programming python java htmlcss linkedincominrizkiandriansyah wwwrizkiandriansyahcom tangerang banten 15310 problem solving rizkiandriansyahexamplecom 6281234567890 developing applications wireshark effective communication computer networks tcpip routing vpn organizational history major computer and network engineering skills awards smk negeri 1 tangerang tangerang teamwork average score 85100 software skills language optimization and troubleshooting hard skills cisco packet tracer 6281234567891 sitimaemunahsman1tangerangschid 2023 time management education able to work in a team or independently and ready to contribute in the field of information technology education at smk negeri 1 tangerang august 2021 july 2024 smk negeri 1 tangerang tangerang major computer and network engineering average score 85100 achievement 2nd place in banten province computer networks competition 2023,"summary: experience: in internships at technology companies and it projects during the period skills: references, rizki andriansyah, hobbies, pt lorem ipsum technology tangerang, soft skills:, microsoft office, programming (python, java, html/css), linkedin.com/in/rizki-andriansyah | www.rizkiandriansyah.com, tangerang, banten 15310, problem solving, rizki.andriansyah@example.com | +6281234567890, developing applications, wireshark, effective communication, computer networks (tcp/ip, routing, vpn), organizational history, major: computer and network engineering, skills, awards, smk negeri 1 tangerang tangerang, teamwork, average score: 85/100, software skills:, language, optimization and troubleshooting., hard skills:, cisco packet tracer, +6281234567891 | siti.maemunah@sman1tangerang.sch.id, (2023), time management education: . able to work in a team or independently and ready to contribute in the field of information technology. education at smk negeri 1 tangerang august 2021 - july 2024 smk negeri 1 tangerang tangerang major: computer and network engineering average score: 85/100 achievement: 2nd place in banten province computer networks competition (2023)","['Teacher / Teaching Assistant / Admin', 'Guru Matematika SMA', 'Admissions and Community Engagement Officer']"
Dedi Supriyadi,dedi.supriyadi@example.com,6281234567890,"kepemimpinan, navigasi rute, gps navigation, fleet management system sertifikasi, dinas perhubungan jawa barat (2020), kepolisian negara republik indonesia (2018), pemecahan masalah, sim b2 umum nomor undefined, pemeliharaan kendaraan, keselamatan berkendara, komunikasi efektif, manajemen waktu, mengemudi bus, sertifikat keselamatan berkendara nomor undefined","driver bus profesional dengan pengalaman lebih dari 5 tahun mengemudi bus kota dan antar-kota. berpengalaman dalam menjaga keselamatan penumpang, mematuhi peraturan lalu lintas, serta memiliki kemampuan komunikasi yang baik. terbiasa bekerja di bawah tekanan dan mengelola waktu dengan efektif untuk memastikan jadwal perjalanan yang tepat waktu.","lebih dari 5 tahun  mengemudi bus kota dan  antar-kota. berpengalaman dalam  menjaga keselamatan  penumpang, mematuhi peraturan  lalu lintas, serta memiliki  kemampuan komunikasi yang  baik. terbiasa bekerja di bawah  tekanan dan mengelola waktu  dengan efektif untuk memastikan  jadwal perjalanan yang tepat  waktu. pengalaman kerja driver bus antar-kota februari 2019 - september 2024  pt lorem ipsum transportasi bogor  mengemudi bus antar-kota dengan rute bogor-jakarta, memastikan  perjalanan aman dan tepat waktu. berhasil menjaga rekor keselamatan  tanpa kecelakaan selama 5 tahun. bertanggung jawab atas perawatan  rutin bus dan memastikan kendaraan dalam kondisi optimal sebelum  beroperasi.  driver bus kota juni 2015 - sekarang  trans bogor bogor  mengoperasikan bus kota pada rute bogor tengah-bogor selatan.  menyediakan pelayanan yang ramah dan profesional kepada  penumpang. berpartisipasi dalam pelatihan keselamatan berkendara  secara berkala untuk meningkatkan keterampilan mengemudi dan  kepatuhan terhadap peraturan lalu lintas.",-,-,Hospitality,summary professional bus driver 5 years experience driving city intercity buses experienced maintaining passenger safety obeying traffic regulations good communication skills accustomed working pressure managing time effectively ensure timely travel schedules experience 5 years driving city intercity buses experienced maintaining passenger safety obeying traffic regulations good communication skills accustomed working pressure managing time effectively ensure timely travel schedules intercity bus driver work experience february 2019 september 2024 pt lorem ipsum bogor transportation driving intercity buses bogorjakarta route ensuring safe timely travel managed maintain safety record without accidents 5 years responsible routine bus maintenance ensuring vehicle optimal condition operating city ​​bus driver june 2015 trans bogor bogor operates city buses central bogorsouth bogor route providing friendly professional service passengers participate regular driving safety training improve driving skills compliance traffic regulations skills leadership route navigation gps navigation fleet management system certification west java transportation service 2020 republic indonesia state police 2018 problem solving general b2 driving license undefined number vehicle maintenance driving safety effective communication time management bus driving driving safety certificate undefined number education,summary professional bus driver with more than 5 years of experience driving city and intercity buses experienced in maintaining passenger safety obeying traffic regulations and has good communication skills accustomed to working under pressure and managing time effectively to ensure timely travel schedules experience more than 5 years driving city and intercity buses experienced in maintaining passenger safety obeying traffic regulations and has good communication skills accustomed to working under pressure and managing time effectively to ensure timely travel schedules intercity bus driver work experience february 2019 september 2024 pt lorem ipsum bogor transportation driving intercity buses on the bogorjakarta route ensuring safe and timely travel managed to maintain a safety record without accidents for 5 years responsible for routine bus maintenance and ensuring the vehicle is in optimal condition before operating city ​​bus driver june 2015 now trans bogor bogor operates city buses on the central bogorsouth bogor route providing friendly and professional service to passengers participate in regular driving safety training to improve driving skills and compliance with traffic regulations skills leadership route navigation gps navigation fleet management system certification west java transportation service 2020 republic of indonesia state police 2018 problem solving general b2 driving license undefined number vehicle maintenance driving safety effective communication time management bus driving driving safety certificate undefined number education,"summary: professional bus driver with more than 5 years of experience driving city and inter-city buses. experienced in maintaining passenger safety, obeying traffic regulations, and has good communication skills. accustomed to working under pressure and managing time effectively to ensure timely travel schedules. experience: more than 5 years driving city and inter-city buses. experienced in maintaining passenger safety, obeying traffic regulations, and has good communication skills. accustomed to working under pressure and managing time effectively to ensure timely travel schedules. inter-city bus driver work experience february 2019 - september 2024 pt lorem ipsum bogor transportation driving inter-city buses on the bogor-jakarta route, ensuring safe and timely travel. managed to maintain a safety record without accidents for 5 years. responsible for routine bus maintenance and ensuring the vehicle is in optimal condition before operating. city ​​bus driver june 2015 - now trans bogor bogor operates city buses on the central bogor-south bogor route. providing friendly and professional service to passengers. participate in regular driving safety training to improve driving skills and compliance with traffic regulations. skills: leadership, route navigation, gps navigation, fleet management system certification, west java transportation service (2020), republic of indonesia state police (2018), problem solving, general b2 driving license undefined number, vehicle maintenance, driving safety, effective communication, time management, bus driving, driving safety certificate undefined number education:","['Customer Relation Officer', 'Operational Manager', 'Waiter']"
Putra Wijaya,putra.wijaya@example.com,6281234567890,"kepemimpinan, google workspace, kerja tim, trello, microsoft office, canva, analisis data, pemecahan masalah, komunikasi efektif, google analytics",-,-,SMA,-,Data,summary experience skills leadership google workspace team work trello microsoft office canva data analysis problem solving effective communication google analytics education sma negeri 5 depok august 2021 july 2024 sma negeri 5 depok depok department social sciences average score 87100 achievement 1st place indonesian language debate competition west java provincial level 2023,summary experience skills leadership google workspace team work trello microsoft office canva data analysis problem solving effective communication google analytics education sma negeri 5 depok august 2021 july 2024 sma negeri 5 depok depok department social sciences average score 87100 achievement 1st place in indonesian language debate competition at west java provincial level 2023,"summary: experience: skills: leadership, google workspace, team work, trello, microsoft office, canva, data analysis, problem solving, effective communication, google analytics education: sma negeri 5 depok august 2021 - july 2024 sma negeri 5 depok depok department: social sciences average score: 87/100 achievement: 1st place in indonesian language debate competition at west java provincial level (2023)","['Data Analyst for Production Staff (CODE : PROD DA)', 'Data Scientist', 'Jr. Specialist Data Stewards']"
Rina Wijaya,rina.wijaya@email.com,62812345678900,"penjualan melalui pendekatan, kontrak dan pengembangan, mampu meningkatkan kepuasan, pelanggan dan mengoptimalkan, bisnis dengan fokus pada, hasil. ahli dalam negosiasi, strategis dan berorientasi pada",-,"dengan lebih dari 5 tahun dalam  mengelola hubungan pelanggan  di industri teknologi. terbukti  mampu meningkatkan kepuasan  pelanggan dan mengoptimalkan  penjualan melalui pendekatan  strategis dan berorientasi pada  hasil. ahli dalam negosiasi  kontrak dan pengembangan  bisnis dengan fokus pada  pencapaian target. pengalaman kerja account manager april 2020 - september 2024  lorem ipsum corporation jakarta  mengelola portofolio pelanggan utama dan memastikan kepuasan  serta loyalitas mereka melalui komunikasi yang efektif dan  layanan yang responsif.  mengembangkan strategi penjualan untuk mencapai target  revenue yang ditetapkan, serta memperluas pangsa pasar melalui  pendekatan customer-centric.  berhasil meningkatkan kepuasan pelanggan sebesar 20% dan  mencapai target penjualan tahunan sebesar 110% dari rencana  awal.  junior account manager juli 2017 - maret 2020  lorem ipsum technologies bandung  mendukung tim account management dalam pengelolaan  hubungan dengan klien strategis, termasuk penanganan keluhan  dan penyelesaian masalah.  membantu dalam proses negosiasi kontrak dan memperbarui  perjanjian layanan dengan pelanggan.  berperan penting dalam meningkatkan retensi pelanggan sebesar  15% melalui pengelolaan hubungan yang proaktif.",S1,universitas indonesia jakarta konsentrasi,Sales,summary experience 5 years managing customer relationships technology industry proven able increase customer satisfaction optimize sales strategic resultsoriented approach expert contract negotiations business development focus achieving targets account manager work experience april 2020 september 2024 lorem ipsum corporation jakarta manages portfolio key customers ensures satisfaction loyalty effective communication responsive service develop sales strategies achieve set revenue targets well expand market share customercentric approach succeeded increasing customer satisfaction 20 achieved annual sales target 110 initial plan junior account manager july 2017 march 2020 lorem ipsum technologies bandung supports account management team managing relationships strategic clients including handling complaints resolving problems assists contract negotiation process renews service agreements customers instrumental increasing customer retention 15 proactive relationship management skills sales approach contracts development able increase customer satisfaction optimize business focusing results expert negotiation strategic oriented education bachelor economics se september 2013 august 2017 university indonesia jakarta concentration marketing management gpa 380400,summary experience with over 5 years in managing customer relationships in the technology industry proven to be able to increase customer satisfaction and optimize sales through a strategic and resultsoriented approach expert in contract negotiations and business development with a focus on achieving targets account manager work experience april 2020 september 2024 lorem ipsum corporation jakarta manages a portfolio of key customers and ensures their satisfaction and loyalty through effective communication and responsive service develop sales strategies to achieve set revenue targets as well as expand market share through a customercentric approach succeeded in increasing customer satisfaction by 20 and achieved an annual sales target of 110 of the initial plan junior account manager july 2017 march 2020 lorem ipsum technologies bandung supports the account management team in managing relationships with strategic clients including handling complaints and resolving problems assists in the contract negotiation process and renews service agreements with customers instrumental in increasing customer retention by 15 through proactive relationship management skills sales through approach contracts and development able to increase customer satisfaction and optimize business by focusing on results expert in negotiation strategic and oriented education bachelor of economics se september 2013 august 2017 university of indonesia jakarta concentration marketing management gpa 380400,"summary: experience: with over 5 years in managing customer relationships in the technology industry. proven to be able to increase customer satisfaction and optimize sales through a strategic and results-oriented approach. expert in contract negotiations and business development with a focus on achieving targets. account manager work experience april 2020 - september 2024 lorem ipsum corporation jakarta manages a portfolio of key customers and ensures their satisfaction and loyalty through effective communication and responsive service. develop sales strategies to achieve set revenue targets, as well as expand market share through a customer-centric approach. succeeded in increasing customer satisfaction by 20% and achieved an annual sales target of 110% of the initial plan. junior account manager july 2017 - march 2020 lorem ipsum technologies bandung supports the account management team in managing relationships with strategic clients, including handling complaints and resolving problems. assists in the contract negotiation process and renews service agreements with customers. instrumental in increasing customer retention by 15% through proactive relationship management. skills: sales through approach, contracts and development, able to increase customer satisfaction and optimize business by focusing on results. expert in negotiation, strategic and oriented education: bachelor of economics (s.e) september 2013 - august 2017 university of indonesia jakarta concentration: marketing management gpa: 3.80/4.00","['Sales Representative', 'Sales Supervisor', 'Account Officer']"
Rama Mahendra,rama.mahendra@example.com,6281234567890,"merancang solusi kreatif yang, fokus pada keberlanjutan dan, memiliki kemampuan untuk, pengelolaan proyek konstruksi., fungsional serta estetis, dengan, arsitektur modern dan",-,dengan,S1,universitas 10 november surabaya ipk,Design & Creative,summary experience skills designing creative solutions focus sustainability ability manage construction projects functional aesthetic modern architecture education bachelor architecture september 2017 august 2021 university 10 november surabaya gpa 380400 final project environmentally friendly building design urban areas,summary experience with skills designing creative solutions that focus on sustainability and have the ability to manage construction projects functional and aesthetic with modern architecture and education bachelor of architecture september 2017 august 2021 university of 10 november surabaya gpa 380400 final project environmentally friendly building design in urban areas,"summary: experience: with skills: designing creative solutions that, focus on sustainability and, have the ability to, manage construction projects., functional and aesthetic, with, modern architecture and education: bachelor of architecture september 2017 - august 2021 university of 10 november surabaya gpa: 3.80/4.00 final project: environmentally friendly building design in urban areas","['Content Creator', 'Graphic Designer', 'Social Media Specialist']"
Ahmad Rizki,ahmad.rizki@naevawebmail.com,6281234567890,"kepemimpinan, google workspace, kerja tim, microsoft office, pengarsipan dan administrasi, pemecahan masalah, komunikasi efektif",-,dalam,SMA,-,Admin,summary experience skills leadership google workspace team work microsoft office filing administration problem solving effective communication education sma negeri 1 bandung 2021 2024 sma negeri 1 bandung major ipa average score 85100,summary experience in skills leadership google workspace team work microsoft office filing and administration problem solving effective communication education sma negeri 1 bandung 2021 2024 sma negeri 1 bandung major ipa average score 85100,"summary: experience: in skills: leadership, google workspace, team work, microsoft office, filing and administration, problem solving, effective communication education: sma negeri 1 bandung 2021 - 2024 sma negeri 1 bandung major: ipa average score: 85/100","['Staff Admin', 'Administrasi Staff', 'Admin Support']"
Rudi Santosa,rudi.santosa@loremipsum.com,6281234567890,konstruksi bangunan.,-,"dalam  penggunaan perangkat lunak  rekayasa sipil dan memiliki  kemampuan analisis yang kuat.  memiliki kemampuan komunikasi  yang baik, mampu bekerja dalam  tim, dan siap untuk berkontribusi  dalam proyek-proyek  pembangunan yang menantang.",S1,universitas lorem ipsum bandung ipk,Engineering,summary experience use civil engineering software strong analytical skills good communication skills able work team ready contribute challenging development projects skills building construction education bachelor civil engineering september 2019 july 2023 lorem ipsum university bandung gpa 375400 final assignment structural analysis highrise buildings using sap2000 software,summary experience in the use of civil engineering software and have strong analytical skills have good communication skills able to work in a team and ready to contribute to challenging development projects skills building construction education bachelor of civil engineering september 2019 july 2023 lorem ipsum university bandung gpa 375400 final assignment structural analysis of highrise buildings using sap2000 software,"summary: experience: in the use of civil engineering software and have strong analytical skills. have good communication skills, able to work in a team, and ready to contribute to challenging development projects. skills: building construction. education: bachelor of civil engineering september 2019 - july 2023 lorem ipsum university bandung gpa: 3.75/4.00 final assignment: 'structural analysis of high-rise buildings using sap2000 software'","['Engineer Staff', 'Project Engineer', 'Electrical Engineering (Kosmetik & Farmasi)']"
Rizky Maulana,rizky.maulana@email.com,62812345678901,"sertifikasi, proyek akhir: pengembangan aplikasi pengelolaan data, javascript, pemecahan masalah, pengembang web magang februari 2023 - mei 2023, proyek, pencarian, dan laporan data menggunakan php dan mysql., siswa mei 2023 - juli 2023, untuk merancang dan mengembangkan fitur baru berdasarkan kebutuhan klien., html, php, git, komunikasi, lorem ipsum tech surabaya, mysql, kerja tim, smk negeri 2 surabaya surabaya, magang, lsp informatika (2023), manajemen waktu, css",-,"dalam pengembangan  aplikasi web dan mobile. mampu bekerja dengan berbagai bahasa pemrograman seperti html, css,  javascript, dan php. berorientasi pada detail dan memiliki kemampuan analitis yang kuat dalam  menyelesaikan masalah teknis.",-,-,Software,summary experience web mobile application development able work various programming languages ​​such html css javascript php detail oriented strong analytical skills solving technical problems skills certification final project data management application development javascript problem solving web developer internship february 2023 may 2023 projects search data reports using php mysql students may 2023 july 2023 design develop new features based client needs html php git communication lorem ipsum tech surabaya mysql teamwork smk negeri 2 surabaya surabaya internship lsp informatics 2023 time management css education smk negeri 2 surabaya august 2020 july 2023 surabaya software engineering focuses software application development including mastery programming languages database development,summary experience in web and mobile application development able to work with various programming languages ​​such as html css javascript and php detail oriented and has strong analytical skills in solving technical problems skills certification final project data management application development javascript problem solving web developer internship february 2023 may 2023 projects search and data reports using php and mysql students may 2023 july 2023 to design and develop new features based on client needs html php git communication lorem ipsum tech surabaya mysql teamwork smk negeri 2 surabaya surabaya internship lsp informatics 2023 time management css education smk negeri 2 surabaya august 2020 july 2023 surabaya software engineering focuses on software and application development including mastery of programming languages and database development,"summary: experience: in web and mobile application development. able to work with various programming languages ​​such as html, css, javascript, and php. detail oriented and has strong analytical skills in solving technical problems. skills: certification, final project: data management application development, javascript, problem solving, web developer internship february 2023 - may 2023, projects, search and data reports using php and mysql., students may 2023 - july 2023, to design and develop new features based on client needs., html, php, git, communication, lorem ipsum tech surabaya, mysql, teamwork, smk negeri 2 surabaya surabaya, internship, lsp informatics (2023), time management, css education: smk negeri 2 surabaya august 2020 - july 2023 surabaya software engineering focuses on software and application development, including mastery of programming languages and database development.","['IT Support', 'IT Engineer', 'Data Engineer']"
Dewi Pratiwi,dewi.pratiwi@example.com,6281234567890,provinsi jawa timur (2023),lulusan smk farmasi dengan pengetahuan dan keterampilan di bidang farmasi serta pengalaman dalam,dalam,-,-,Healthcare,summary graduate pharmacy school knowledge skills field pharmacy experience experience skills east java province 2023 education state pharmacy school 1 surabaya august 2021 july 2024 state pharmacy school 1 surabaya surabaya department pharmacy average score 90100 achievement 1st place east java provincial pharmacy student competency competition lks 2023,summary graduate of pharmacy school with knowledge and skills in the field of pharmacy and experience in experience in skills east java province 2023 education state pharmacy school 1 surabaya august 2021 july 2024 state pharmacy school 1 surabaya surabaya department pharmacy average score 90100 achievement 1st place in east java provincial pharmacy student competency competition lks 2023,summary: graduate of pharmacy school with knowledge and skills in the field of pharmacy and experience in experience: in skills: east java province (2023) education: state pharmacy school 1 surabaya august 2021 - july 2024 state pharmacy school 1 surabaya surabaya department: pharmacy average score: 90/100 achievement: 1st place in east java provincial pharmacy student competency competition (lks) (2023),"['Perawat', 'Nurse', 'Medical Representative']"
Rizki Saputra,rizki.saputra@example.com,6281234567890,"pembuatan kopi, kerja tim, microsoft office, manajemen persediaan, minuman, pos system, komunikasi efektif, pelayanan pelanggan, penyajian makanan dan","barista berpengalaman dengan keterampilan dalam pembuatan kopi berkualitas tinggi dan pelayanan pelanggan yang ramah. memiliki pengalaman bekerja di lingkungan cepat dengan kemampuan multitasking yang baik. terbiasa dengan standar tinggi dalam menjaga kebersihan, penyimpanan bahan baku, dan memberikan pelayanan yang memuaskan kepada pelanggan.","dengan keterampilan dalam pembuatan kopi  berkualitas tinggi dan pelayanan pelanggan yang ramah. memiliki  pengalaman bekerja di lingkungan cepat dengan kemampuan  multitasking yang baik. terbiasa dengan standar tinggi dalam menjaga  kebersihan, penyimpanan bahan baku, dan memberikan pelayanan yang  memuaskan kepada pelanggan.",SMA,-,Hospitality,summary experienced barista skills making high quality coffee friendly customer service experience working fastpaced environment good multitasking skills accustomed high standards maintaining cleanliness storing raw materials providing satisfactory service customers experience skills making high quality coffee friendly customer service experience working fastpaced environment good multitasking skills accustomed high standards maintaining cleanliness storing raw materials providing satisfactory service customers skills coffee making team work microsoft office inventory management drinks postal system effective communication customer service food serving education sma negeri 1 jakarta august 2017 july 2020 sma negeri 1 jakarta jakarta department social sciences average score 85100,summary experienced barista with skills in making high quality coffee and friendly customer service have experience working in a fastpaced environment with good multitasking skills accustomed to high standards in maintaining cleanliness storing raw materials and providing satisfactory service to customers experience with skills in making high quality coffee and friendly customer service have experience working in a fastpaced environment with good multitasking skills accustomed to high standards in maintaining cleanliness storing raw materials and providing satisfactory service to customers skills coffee making team work microsoft office inventory management drinks postal system effective communication customer service food serving and education sma negeri 1 jakarta august 2017 july 2020 sma negeri 1 jakarta jakarta department social sciences average score 85100,"summary: experienced barista with skills in making high quality coffee and friendly customer service. have experience working in a fast-paced environment with good multitasking skills. accustomed to high standards in maintaining cleanliness, storing raw materials, and providing satisfactory service to customers. experience: with skills in making high quality coffee and friendly customer service. have experience working in a fast-paced environment with good multitasking skills. accustomed to high standards in maintaining cleanliness, storing raw materials, and providing satisfactory service to customers. skills: coffee making, team work, microsoft office, inventory management, drinks, postal system, effective communication, customer service, food serving and education: sma negeri 1 jakarta august 2017 - july 2020 sma negeri 1 jakarta jakarta department: social sciences average score: 85/100","['Customer Relation Officer', 'Operational Manager', 'Waiter']"
Rama Pratama,rama.pratama@example.com,6281234567890,"kerja tim, microsoft office, manajemen persediaan, pemecahan masalah, latte art, komunikasi efektif, pelayanan pelanggan, pembuatan kopi spesialti, manajemen waktu, pos systems",-,"dengan  lebih dari 4 tahun bekerja di kafe  dan restoran terkenal. terampil  dalam membuat berbagai jenis  kopi dan minuman lainnya, serta  memiliki kemampuan pelayanan  pelanggan yang luar biasa.  mampu bekerja di lingkungan  yang sibuk dan menjaga kualitas  pelayanan tetap konsisten.  berorientasi pada kepuasan  pelanggan dan bekerja dengan  baik dalam tim maupun secara  mandiri.",SMA,-,Customer Service,summary experience 4 years working famous cafes restaurants skilled making various types coffee drinks extraordinary customer service skills able work busy environment maintain consistent service quality oriented customer satisfaction works well team independently skills team work microsoft office inventory management problem solving latte art effective communication customer service specialty coffee making time management postal systems education sma negeri 2 jakarta august 2015 july 2018 sma negeri 2 jakarta jakarta high school graduate majoring social sciences active extracurricular activities sports,summary experience with more than 4 years working in famous cafes and restaurants skilled in making various types of coffee and other drinks and has extraordinary customer service skills able to work in a busy environment and maintain consistent service quality oriented to customer satisfaction and works well in a team or independently skills team work microsoft office inventory management problem solving latte art effective communication customer service specialty coffee making time management postal systems education sma negeri 2 jakarta august 2015 july 2018 sma negeri 2 jakarta jakarta high school graduate majoring in social sciences active in extracurricular activities such as sports and,"summary: experience: with more than 4 years working in famous cafes and restaurants. skilled in making various types of coffee and other drinks, and has extraordinary customer service skills. able to work in a busy environment and maintain consistent service quality. oriented to customer satisfaction and works well in a team or independently. skills: team work, microsoft office, inventory management, problem solving, latte art, effective communication, customer service, specialty coffee making, time management, postal systems education: sma negeri 2 jakarta august 2015 - july 2018 sma negeri 2 jakarta jakarta high school graduate majoring in social sciences. active in extracurricular activities such as sports and","['Customer Service', 'Customer Success Officer', 'Customer Relationship Officer']"
Ahmad Ramadhan,ahmad.ramadhan@email.com,62812345678901,"penulisan laporan, analisis data sosial",-,aktif dalam,SMA,-,Data,summary experience active skills report writing social data analysis education sma negeri 5 jakarta august 2020 july 2023 social sciences ips jakarta studying various social science disciplines economics sociology geography focus developing analytical critical skills,summary experience active in skills report writing social data analysis education sma negeri 5 jakarta august 2020 july 2023 social sciences ips jakarta studying various social science disciplines such as economics sociology and geography with a focus on developing analytical and critical skills,"summary: experience: active in skills: report writing, social data analysis education: sma negeri 5 jakarta august 2020 - july 2023 social sciences (ips) jakarta studying various social science disciplines such as economics, sociology and geography with a focus on developing analytical and critical skills.","['Data Analyst for Production Staff (CODE : PROD DA)', 'Data Scientist', 'Jr. Specialist Data Stewards']"
Putri Rahmawati,putri.rahmawati@email.com,62812345678901,"pt. lorem ipsum yogyakarta, proyek, pengelolaan dokumen, mengelola dokumen-dokumen perusahaan, melakukan arsip data, serta membantu dalam penyusunan, staf administrasi magang februari 2023 - april 2023, pengetikan cepat dan akurat, proyek akhir: digitalisasi arsip perusahaan mei 2023 - juni 2023, magang, memudahkan pencarian dan pengelolaan data., sertifikasi, komunikasi interpersonal, lsp manajemen (2023), kemampuan analisis, pengoperasian alat kantor, manajemen waktu, administrasi perkantoran",-,-,-,-,Admin,summary experience skills pt lorem ipsum yogyakarta project document management managing company documents archiving data assisting preparation administrative staff internship february 2023 april 2023 fast accurate typing final project digitizing company archives may 2023 june 2023 internship making searching managing data easier certification interpersonal communication lsp management 2023 analytical skills operating office equipment time management administration office education automation office management august 2020 july 2023 smk negeri 2 yogyakarta yogyakarta learn basics office administration document management data management using office software,summary experience skills pt lorem ipsum yogyakarta project document management managing company documents archiving data and assisting in preparation administrative staff internship february 2023 april 2023 fast and accurate typing final project digitizing company archives may 2023 june 2023 internship making searching and managing data easier certification interpersonal communication lsp management 2023 analytical skills operating office equipment time management administration office education automation and office management august 2020 july 2023 smk negeri 2 yogyakarta yogyakarta learn the basics of office administration document management and data management using office software,"summary: experience: skills: pt. lorem ipsum yogyakarta, project, document management, managing company documents, archiving data, and assisting in preparation, administrative staff internship february 2023 - april 2023, fast and accurate typing, final project: digitizing company archives may 2023 - june 2023, internship, making searching and managing data easier., certification, interpersonal communication, lsp management (2023), analytical skills, operating office equipment, time management, administration office education: automation and office management august 2020 - july 2023 smk negeri 2 yogyakarta yogyakarta learn the basics of office administration, document management and data management using office software.","['Staff Admin', 'Administrasi Staff', 'Admin Support']"
Satria Pratama,satria.pratama@example.com,6281234567890,"inventory management, kebersihan dan sanitasi, kerja tim, pengelolaan peralatan, microsoft office, ketelitian, kemampuan adaptasi, dapur, persiapan bahan makanan, manajemen waktu","seorang cook helper yang berdedikasi dengan pengalaman dalam mendukung kegiatan dapur, termasuk persiapan bahan makanan, kebersihan, dan pengelolaan inventaris. siap bekerja dalam tim, cepat beradaptasi, serta memiliki semangat untuk belajar dan berkembang di industri kuliner.","dalam  mendukung kegiatan dapur, termasuk persiapan bahan makanan,  kebersihan, dan pengelolaan inventaris. siap bekerja dalam tim, cepat  beradaptasi, serta memiliki semangat untuk belajar dan berkembang di  industri kuliner.",SMA,-,Marketing,summary dedicated cook helper experience supporting kitchen activities including food preparation cleaning inventory management ready work team adapt quickly passion learning developing culinary industry experience supporting kitchen activities including food preparation cleaning inventory management ready work team adapt quickly passion learning developing culinary industry skills inventory management cleanliness sanitation team work equipment management microsoft office thoroughness adaptability kitchen food preparation time management education sma negeri 2 jakarta august 2018 july 2021 sma negeri 2 jakarta jakarta high school graduate focus lessons related nutrition health,summary a dedicated cook helper with experience in supporting kitchen activities including food preparation cleaning and inventory management ready to work in a team adapt quickly and have a passion for learning and developing in the culinary industry experience in supporting kitchen activities including food preparation cleaning and inventory management ready to work in a team adapt quickly and have a passion for learning and developing in the culinary industry skills inventory management cleanliness and sanitation team work equipment management microsoft office thoroughness adaptability kitchen food preparation time management education sma negeri 2 jakarta august 2018 july 2021 sma negeri 2 jakarta jakarta high school graduate with a focus on lessons related to nutrition and health,"summary: a dedicated cook helper with experience in supporting kitchen activities, including food preparation, cleaning, and inventory management. ready to work in a team, adapt quickly, and have a passion for learning and developing in the culinary industry. experience: in supporting kitchen activities, including food preparation, cleaning, and inventory management. ready to work in a team, adapt quickly, and have a passion for learning and developing in the culinary industry. skills: inventory management, cleanliness and sanitation, team work, equipment management, microsoft office, thoroughness, adaptability, kitchen, food preparation, time management education: sma negeri 2 jakarta august 2018 - july 2021 sma negeri 2 jakarta jakarta high school graduate with a focus on lessons related to nutrition and health.","['Marketing Manager', 'Marketing', 'E-Commerce Spesialist']"
Rizki Maulana,rizki.maulana@email.com,62812345678901,"komunikasi, perakitan komputer, dukungan teknis untuk troubleshooting masalah jaringan., lsp telematika (2023), proyek, sertifikasi, magang, teknisi jaringan magang februari 2023 - mei 2023, instalasi jaringan lan/wan, troubleshooting jaringan, pengelolaan server, pt. lorem ipsum networks jakarta, dan pengaturan keamanan jaringan., smk negeri 2 jakarta jakarta, kerjasama tim, manajemen waktu",-,"magang dalam instalasi dan  pemeliharaan jaringan. berpengalaman dalam perakitan komputer, pengelolaan server, serta troubleshooting  perangkat keras dan perangkat lunak. mampu bekerja dalam tim dan memiliki kemampuan komunikasi yang  baik.",-,-,Software,summary experience internship network installation maintenance experienced computer assembly server management hardware software troubleshooting able work team good communication skills skills communication computer assembly technical support troubleshooting network problems lsp telematics 2023 project certification internship network technician internship february 2023 may 2023 lanwan network installation network troubleshooting server management pt lorem ipsum networks jakarta network security settings smk negeri 2 jakarta jakarta teamwork time management education smk negeri 2 jakarta august 2020 july 2023 computer network engineering jakarta majoring computer network engineering focus network installation computer assembly server management,summary experience internship in network installation and maintenance experienced in computer assembly server management and hardware and software troubleshooting able to work in a team and have good communication skills skills communication computer assembly technical support for troubleshooting network problems lsp telematics 2023 project certification internship network technician internship february 2023 may 2023 lanwan network installation network troubleshooting server management pt lorem ipsum networks jakarta and network security settings smk negeri 2 jakarta jakarta teamwork time management education smk negeri 2 jakarta august 2020 july 2023 computer and network engineering jakarta majoring in computer and network engineering with a focus on network installation computer assembly and server management,"summary: experience: internship in network installation and maintenance. experienced in computer assembly, server management, and hardware and software troubleshooting. able to work in a team and have good communication skills. skills: communication, computer assembly, technical support for troubleshooting network problems., lsp telematics (2023), project, certification, internship, network technician internship february 2023 - may 2023, lan/wan network installation, network troubleshooting, server management, pt. lorem ipsum networks jakarta, and network security settings., smk negeri 2 jakarta jakarta, teamwork, time management education: smk negeri 2 jakarta august 2020 - july 2023 computer and network engineering jakarta majoring in computer and network engineering with a focus on network installation, computer assembly, and server management.","['IT Support', 'IT Engineer', 'Data Engineer']"
Dewi Saraswati,dewi.saraswati@example.com,6281234567890,"referensi, canva, +6281234567891 | agus.wijaya@sman3yogyakarta.sch.id, nilai rata-rata: 88/100, google workspace, soft skills:, microsoft office, pemecahan masalah, dewi.saraswati@example.com | +6281234567890, komunikasi efektif, linkedin.com/in/dewi-saraswati | www.dewisaraswati.com, kepemimpinan, riwayat organisasi, laboratorium riset, analisis data, keahlian, google sheets, penghargaan, jurusan: ipa, sma negeri 3 yogyakarta yogyakarta, dewi saraswati, microsoft excel, yogyakarta 55281, kerja tim, software skills:, bahasa, hard skills:, membaca buku, kompetisi sains., hobi",-,kepemimpinan dalam,SMA,-,Data,summary experience leadership skills references canva 6281234567891 aguswijayasman3yogyakartaschid average score 88100 google workspace soft skills microsoft office problem solving dewasaraswatiexamplecom 6281234567890 effective communication linkedincomindewisaraswati wwwdewisaraswaticom leadership organizational history research laboratory data analysis skills google sheets awards majors science sma negeri 3 yogyakarta yogyakarta dewi saraswati microsoft excel yogyakarta 55281 team work software skills language hard skills reading books science competitions hobbies education sma negeri 3 yogyakarta august 2021 july 2024 state high school 3 yogyakarta yogyakarta major science average score 88100 achievement 1st place yogyakarta city physics olympiad 2023 history,summary experience leadership in skills references canva 6281234567891 aguswijayasman3yogyakartaschid average score 88100 google workspace soft skills microsoft office problem solving dewasaraswatiexamplecom 6281234567890 effective communication linkedincomindewisaraswati wwwdewisaraswaticom leadership organizational history research laboratory data analysis skills google sheets awards majors science sma negeri 3 yogyakarta yogyakarta dewi saraswati microsoft excel yogyakarta 55281 team work software skills language hard skills reading books science competitions hobbies education sma negeri 3 yogyakarta august 2021 july 2024 state high school 3 yogyakarta yogyakarta major science average score 88100 achievement 1st place in yogyakarta city physics olympiad 2023 history,"summary: experience: leadership in skills: references, canva, +6281234567891 | agus.wijaya@sman3yogyakarta.sch.id, average score: 88/100, google workspace, soft skills:, microsoft office, problem solving, dewa.saraswati@example.com | +6281234567890, effective communication, linkedin.com/in/dewi-saraswati | www.dewisaraswati.com, leadership, organizational history, research laboratory, data analysis, skills, google sheets, awards, majors: science, sma negeri 3 yogyakarta yogyakarta, dewi saraswati, microsoft excel, yogyakarta 55281, team work, software skills:, language, hard skills:, reading books, science competitions., hobbies education: sma negeri 3 yogyakarta august 2021 - july 2024 state high school 3 yogyakarta yogyakarta major: science average score: 88/100 achievement: 1st place in yogyakarta city physics olympiad (2023) history","['Data Analyst for Production Staff (CODE : PROD DA)', 'Data Scientist', 'Jr. Specialist Data Stewards']"
Rizky Putra,rizky.putra@example.com,6281234567890,"penelitian klinis, google workspace, spss, penanganan darurat medis, microsoft office, pemecahan masalah, kerjasama tim, komunikasi efektif, manajemen waktu, pengetahuan anatomi, farmakologi","mahasiswa kedokteran yang bersemangat dengan pengetahuan mendalam dalam bidang anatomi, farmakologi, dan patologi. memiliki pengalaman klinis dasar serta aktif dalam",klinis dasar serta aktif dalam,S1,universitas gadjah mada yogyakarta ipk sementara,Hospitality,summary passionate medical student indepth knowledge anatomy pharmacology pathology basic clinical experience active experience basic clinical active skills clinical research google workspace spss medical emergency management microsoft office problem solving teamwork effective communication time management anatomical knowledge pharmacology education bachelor medicine september 2021 july 2025 gadjah mada university yogyakarta temporary gpa 380400 concentration general medicine active various campus activities including medical research service programs society,summary passionate medical student with indepth knowledge in anatomy pharmacology and pathology have basic clinical experience and are active in experience basic clinical and active in skills clinical research google workspace spss medical emergency management microsoft office problem solving teamwork effective communication time management anatomical knowledge pharmacology education bachelor of medicine september 2021 july 2025 gadjah mada university yogyakarta temporary gpa 380400 concentration general medicine active in various campus activities including medical research and service programs society,"summary: passionate medical student with in-depth knowledge in anatomy, pharmacology, and pathology. have basic clinical experience and are active in experience: basic clinical and active in skills: clinical research, google workspace, spss, medical emergency management, microsoft office, problem solving, teamwork, effective communication, time management, anatomical knowledge, pharmacology education: bachelor of medicine september 2021 - july 2025 gadjah mada university yogyakarta temporary gpa: 3.80/4.00 concentration: general medicine active in various campus activities, including medical research and service programs society.","['Customer Relation Officer', 'Operational Manager', 'Waiter']"
Fajar Setiawan,fajar.setiawan@naevawebmail.com,6281234567890,pemeliharaan sistem kelistrikan.,-,"dalam  proyek-proyek terkait instalasi dan  pengujian peralatan listrik. mampu  bekerja di bawah tekanan,  berkomunikasi dengan baik, dan  selalu siap untuk menghadapi  tantangan baru di bidang  kelistrikan.",SMA,universitas indonesia september 2022,Engineering,summary experience projects related installation testing electrical equipment able work pressure communicate well always ready face new challenges electrical field skills electrical system maintenance education sma negeri 2 jakarta august 2019 july 2022 sma negeri 2 jakarta jakarta department science average score 85100 achievement 1st place jakarta provincial robotics competition 2021 university indonesia september 2022 july 2026 university indonesia depok department electrical engineering electrical engineering concentration electrical power systems gpa 375400 thesis optimization electrical power distribution systems industry using smart grid technology,summary experience in projects related to installation and testing of electrical equipment able to work under pressure communicate well and always ready to face new challenges in the electrical field skills electrical system maintenance education sma negeri 2 jakarta august 2019 july 2022 sma negeri 2 jakarta jakarta department science average score 85100 achievement 1st place in jakarta provincial robotics competition 2021 university of indonesia september 2022 july 2026 university of indonesia depok department electrical engineering electrical engineering concentration electrical power systems gpa 375400 thesis optimization of electrical power distribution systems in industry using smart grid technology,"summary: experience: in projects related to installation and testing of electrical equipment. able to work under pressure, communicate well, and always ready to face new challenges in the electrical field. skills: electrical system maintenance. education: sma negeri 2 jakarta august 2019 - july 2022 sma negeri 2 jakarta jakarta department: science average score: 85/100 achievement: 1st place in jakarta provincial robotics competition (2021) university of indonesia september 2022 - july 2026 university of indonesia depok department: electrical engineering - electrical engineering concentration: electrical power systems gpa: 3.75/4.00 thesis: optimization of electrical power distribution systems in industry using smart grid technology","['Engineer Staff', 'Project Engineer', 'Electrical Engineering (Kosmetik & Farmasi)']"
Rina Sutria,rina.sutria@example.com,6281234567890,"kepemimpinan, spss, penulisan akademik, microsoft office, analisis data penelitian, pemecahan masalah, pengajaran, komunikasi efektif, manajemen waktu",lulusan s2 dengan latar belakang,"sebagai asisten dosen selama lebih dari 2 tahun.  terampil dalam membantu penyusunan materi perkuliahan, penelitian,  dan pembimbingan mahasiswa. mampu bekerja secara kolaboratif serta  memiliki kemampuan analisis dan komunikasi yang kuat.",S1,universitas gadjah mada yogyakarta tesis,Education,summary masters graduate background experience teaching assistant 2 years skilled assisting preparation lecture materials research student supervision able work collaboratively strong analytical communication skills skills leadership spss academic writing microsoft office research data analysis problem solving teaching effective communication time management education language literature experience teaching assistant 2 years skilled assisting preparation lecture materials research student supervision able work collaboratively strong analytical communication skills masters education language literature education september 2020 july 2022 gadjah mada university yogyakarta thesis analysis influence innovative teaching methods understanding literature tertiary institutions ipk 385400 bachelor indonesian language literature education september 2016 july 2020 yogyakarta state university yogyakarta thesis effectiveness using digital media learning indonesian ipk 375400,summary masters graduate with background experience as a teaching assistant for more than 2 years skilled in assisting with the preparation of lecture materials research and student supervision able to work collaboratively and have strong analytical and communication skills skills leadership spss academic writing microsoft office research data analysis problem solving teaching effective communication time management education language and literature with experience as a teaching assistant for more than 2 years skilled in assisting with the preparation of lecture materials research and student supervision able to work collaboratively and have strong analytical and communication skills masters education in language and literature education september 2020 july 2022 gadjah mada university yogyakarta thesis analysis of the influence of innovative teaching methods on understanding literature in tertiary institutions ipk 385400 bachelor of indonesian language and literature education september 2016 july 2020 yogyakarta state university yogyakarta thesis effectiveness of using digital media in learning indonesian ipk 375400,"summary: masters graduate with background experience: as a teaching assistant for more than 2 years. skilled in assisting with the preparation of lecture materials, research, and student supervision. able to work collaboratively and have strong analytical and communication skills. skills: leadership, spss, academic writing, microsoft office, research data analysis, problem solving, teaching, effective communication, time management education: language and literature with experience as a teaching assistant for more than 2 years. skilled in assisting with the preparation of lecture materials, research, and student supervision. able to work collaboratively and have strong analytical and communication skills. master's education in language and literature education september 2020 - july 2022 gadjah mada university yogyakarta thesis: analysis of the influence of innovative teaching methods on understanding literature in tertiary institutions ipk: 3.85/4.00 bachelor of indonesian language and literature education september 2016 - july 2020 yogyakarta state university yogyakarta thesis: effectiveness of using digital media in learning indonesian ipk: 3.75/4.00","['Teacher / Teaching Assistant / Admin', 'Guru Matematika SMA', 'Admissions and Community Engagement Officer']"
Dewi Permata,dewi.permata@example.com,6281234567890,"referensi, komunitas blogger indonesia jakarta, ipk: 3.80/4.00, photography, canva, jakarta selatan, dki jakarta 12190, final cut pro, hobi, google analytics, fotografi, soft skills:, video editing, pemecahan masalah, konsentrasi: komunikasi pemasaran, adobe photoshop, content planning, linkedin.com/in/dewi-permata | www.dewipermata.com, komunikasi efektif, copywriting, kreativitas, hootsuite, kolaborasi, riwayat organisasi, seo, freelance jakarta, keahlian, penghargaan, dewi.permata@example.com | +6281234567890, content creator oktober 2022, social media management, ratna sari, pt ipsum lorem, software skills:, dewi permata, bahasa, +6281234567891 | ratna.sari@ipsumlorem.com, hard skills:, pt ipsum lorem jakarta, manajemen waktu, serta meningkatkan engagement anggota.",-,dengan,S1,universitas indonesia jakarta konsentrasi,Marketing,summary experience skills references jakarta indonesian blogger community gpa 380400 photography canva south jakarta dki jakarta 12190 final cut pro hobbies google analytics photography soft skills video editing problem solving concentration marketing communications adobe photoshop content planning linkedincomindewipermata wwwdewipermatacom effective communication copywriting creativity hootsuite collaboration organizational history seo freelance jakarta skills awards dewapermataexamplecom 6281234567890 content creator october 2022 social media management ratna sari pt ipsum lorem software skills goddess gems language 6281234567891 ratnasariipsumloremcom hard skills pt ipsum lorem jakarta time management increasing member engagement education bachelor communication sciences september 2018 august 2022 university indonesia jakarta concentration marketing communications gpa 380400 thesis content strategy increasing brand awareness social media,summary experience with skills references jakarta indonesian blogger community gpa 380400 photography canva south jakarta dki jakarta 12190 final cut pro hobbies google analytics photography soft skills video editing problem solving concentration marketing communications adobe photoshop content planning linkedincomindewipermata wwwdewipermatacom effective communication copywriting creativity hootsuite collaboration organizational history seo freelance jakarta skills awards dewapermataexamplecom 6281234567890 content creator october 2022 social media management ratna sari pt ipsum lorem software skills goddess gems language 6281234567891 ratnasariipsumloremcom hard skills pt ipsum lorem jakarta time management and increasing member engagement education bachelor of communication sciences september 2018 august 2022 university of indonesia jakarta concentration marketing communications gpa 380400 thesis content strategy in increasing brand awareness on social media,"summary: experience: with skills: references, jakarta indonesian blogger community, gpa: 3.80/4.00, photography, canva, south jakarta, dki jakarta 12190, final cut pro, hobbies, google analytics, photography, soft skills:, video editing, problem solving, concentration: marketing communications, adobe photoshop, content planning, linkedin.com/in/dewi-permata | www.dewipermata.com, effective communication, copywriting, creativity, hootsuite, collaboration, organizational history, seo, freelance jakarta, skills, awards, dewa.permata@example.com | +6281234567890, content creator october 2022, social media management, ratna sari, pt ipsum lorem, software skills:, goddess gems, language, +6281234567891 | ratna.sari@ipsumlorem.com, hard skills:, pt ipsum lorem jakarta, time management, and increasing member engagement. education: bachelor of communication sciences september 2018 - august 2022 university of indonesia jakarta concentration: marketing communications gpa: 3.80/4.00 thesis: content strategy in increasing brand awareness on social media","['Marketing Manager', 'Marketing', 'E-Commerce Spesialist']"
Rian Aditya,rian.aditya@example.com,6281234567890,"problem solving, sap2000, autocad, terbaru dalam bidang konstruksi., kerja tim, google workspace, microsoft office, revit, komunikasi efektif, teknik struktur, manajemen waktu, ms project",-,"dalam penggunaan perangkat lunak teknik seperti autocad dan sap2000, serta memiliki  kemampuan komunikasi yang baik. berkomitmen untuk mengembangkan keterampilan teknis dan  berkontribusi dalam proyek-proyek pembangunan.",-,universitas gadjah mada oktober 2022,Engineering,summary experience using engineering software autocad sap2000 good communication skills committed developing technical skills contributing development projects skills problem solving sap2000 autocad latest construction team work google workspace microsoft office revit effective communication structural engineering time management ms project education gadjah mada university october 2022 july 2026 gadjah mada university yogyakarta civil engineering study program gp 385400 main subjects building structures soil mechanics hydrology construction management,summary experience in using engineering software such as autocad and sap2000 and have good communication skills committed to developing technical skills and contributing to development projects skills problem solving sap2000 autocad latest in construction team work google workspace microsoft office revit effective communication structural engineering time management ms project education gadjah mada university october 2022 july 2026 gadjah mada university yogyakarta civil engineering study program gp 385400 main subjects building structures soil mechanics hydrology construction management,"summary: experience: in using engineering software such as autocad and sap2000, and have good communication skills. committed to developing technical skills and contributing to development projects. skills: problem solving, sap2000, autocad, latest in construction., team work, google workspace, microsoft office, revit, effective communication, structural engineering, time management, ms project education: gadjah mada university october 2022 - july 2026 gadjah mada university yogyakarta civil engineering study program gp: 3.85/4.00 main subjects: building structures, soil mechanics, hydrology, construction management","['Engineer Staff', 'Project Engineer', 'Electrical Engineering (Kosmetik & Farmasi)']"
Rina Aulia,rina.aulia@example.com,6281234567890,"zendesk, salesforce, kerja tim, microsoft office, pemecahan masalah, hubspot, crm software, komunikasi efektif, manajemen waktu",-,"3 tahun dalam memberikan pelayanan yang optimal  kepada pelanggan. memiliki kemampuan komunikasi yang baik, penyelesaian masalah, serta mampu bekerja  di bawah tekanan untuk memastikan kepuasan pelanggan. terampil dalam menggunakan berbagai perangkat  lunak crm dan siap berkontribusi dalam lingkungan kerja yang dinamis.",D3,universitas lorem ipsum jakarta lulus dengan predikat cum laude,Customer Service,summary experience 3 years providing optimal service customers good communication skills problem solving able work pressure ensure customer satisfaction skilled using various crm software ready contribute dynamic work environment skills zendesk salesforce teamwork microsoft office problem solving hubspot crm software effective communication time management education d3 business administration september 2018 july 2021 lorem ipsum university jakarta graduated cum laude studied customer service administration active campus activities administrative student association,summary experience 3 years in providing optimal service to customers have good communication skills problem solving and able to work under pressure to ensure customer satisfaction skilled in using various crm software and ready to contribute in a dynamic work environment skills zendesk salesforce teamwork microsoft office problem solving hubspot crm software effective communication time management education d3 business administration september 2018 july 2021 lorem ipsum university jakarta graduated cum laude studied customer service and administration and was active in campus activities such as the administrative student association,"summary: experience: 3 years in providing optimal service to customers. have good communication skills, problem solving, and able to work under pressure to ensure customer satisfaction. skilled in using various crm software and ready to contribute in a dynamic work environment. skills: zendesk, salesforce, teamwork, microsoft office, problem solving, hubspot, crm software, effective communication, time management education: d3 business administration september 2018 - july 2021 lorem ipsum university jakarta graduated cum laude. studied customer service and administration, and was active in campus activities such as the administrative student association.","['Customer Service', 'Customer Success Officer', 'Customer Relationship Officer']"
Rizal Putra,rizal.putra@naevawebmail.com,6281234567890,sesuai anggaran.,-,dalam merancang dan mengelola proyek konstruksi. memiliki,S1,universitas pendidikan indonesia bandung ipk,Engineering,summary experience designing managing construction projects skills within budget education bachelor civil engineering september 2019 august 2023 indonesian education university bandung gpa 380400 thesis bridge design using finite element analysis method,summary experience in designing and managing construction projects have skills within budget education bachelor of civil engineering september 2019 august 2023 indonesian education university bandung gpa 380400 thesis bridge design using finite element analysis method,summary: experience: in designing and managing construction projects. have skills: within budget. education: bachelor of civil engineering september 2019 - august 2023 indonesian education university bandung gpa: 3.80/4.00 thesis: bridge design using finite element analysis method,"['Engineer Staff', 'Project Engineer', 'Electrical Engineering (Kosmetik & Farmasi)']"
Rizky Pratama,rizky.pratama@example.com,6281234567890,"kepemimpinan, copywriting, kreativitas, content strategy, graphic design, adobe premiere pro, seo (search engine optimization), canva, video editing, final cut pro, adobe photoshop, komunikasi efektif, google analytics, manajemen waktu",-,"dengan kemampuan dalam mengembangkan strategi konten,  menciptakan materi kreatif, dan mengelola platform media sosial. berpengalaman dalam menggunakan  berbagai alat desain grafis dan video editing, serta memiliki kemampuan analisis yang baik untuk  meningkatkan engagement dan traffic media sosial.",S1,universitas indonesia jakarta konsentrasi,Design & Creative,summary experience ability develop content strategies create creative materials manage social media platforms experienced using various graphic design video editing tools good analytical skills increase engagement social media traffic skills leadership copywriting creativity content strategy graphic design adobe premiere pro seo search engine optimization canva video editing final cut pro adobe photoshop effective communication google analytics time management education bachelor communication science october 2018 august 2022 university indonesia jakarta concentration media digital communication gpa 375400,summary experience with the ability to develop content strategies create creative materials and manage social media platforms experienced in using various graphic design and video editing tools and has good analytical skills to increase engagement and social media traffic skills leadership copywriting creativity content strategy graphic design adobe premiere pro seo search engine optimization canva video editing final cut pro adobe photoshop effective communication google analytics time management education bachelor of communication science october 2018 august 2022 university of indonesia jakarta concentration media and digital communication gpa 375400,"summary: experience: with the ability to develop content strategies, create creative materials, and manage social media platforms. experienced in using various graphic design and video editing tools, and has good analytical skills to increase engagement and social media traffic. skills: leadership, copywriting, creativity, content strategy, graphic design, adobe premiere pro, seo (search engine optimization), canva, video editing, final cut pro, adobe photoshop, effective communication, google analytics, time management education: bachelor of communication science october 2018 - august 2022 university of indonesia jakarta concentration: media and digital communication gpa: 3.75/4.00","['Content Creator', 'Graphic Designer', 'Social Media Specialist']"
Siti Amalia,siti.amalia@example.com,6281234567890,"kepemimpinan, trello, manajemen acara, promosi digital, canva, negosiasi, adobe photoshop, kerjasama tim, komunikasi efektif, google analytics, analisis pasar wisata",-,"di sektor pengelolaan destinasi  wisata. memiliki kemampuan komunikasi yang baik, manajemen acara, serta pengembangan strategi promosi  pariwisata. siap berkontribusi dalam meningkatkan daya tarik destinasi wisata lokal.",S1,universitas gadjah mada yogyakarta konsentrasi,Software,summary experience tourist destination management sector good communication skills event management well developing tourism promotion strategies ready contribute increasing attractiveness local tourist destinations skills leadership trello event management digital promotion canva negotiation adobe photoshop teamwork effective communication google analytics tourism market analysis education bachelor tourism spar september 2018 july 2022 gadjah mada university yogyakarta concentration tourism destination management gpa 385400 thesis digitalbased tourism promotion strategies local tourist destinations,summary experience in the tourist destination management sector have good communication skills event management as well as developing tourism promotion strategies ready to contribute to increasing the attractiveness of local tourist destinations skills leadership trello event management digital promotion canva negotiation adobe photoshop teamwork effective communication google analytics tourism market analysis education bachelor of tourism spar september 2018 july 2022 gadjah mada university yogyakarta concentration tourism destination management gpa 385400 thesis digitalbased tourism promotion strategies for local tourist destinations,"summary: experience: in the tourist destination management sector. have good communication skills, event management, as well as developing tourism promotion strategies. ready to contribute to increasing the attractiveness of local tourist destinations. skills: leadership, trello, event management, digital promotion, canva, negotiation, adobe photoshop, teamwork, effective communication, google analytics, tourism market analysis education: bachelor of tourism (s.par) september 2018 - july 2022 gadjah mada university yogyakarta concentration: tourism destination management gpa: 3.85/4.00 thesis: digital-based tourism promotion strategies for local tourist destinations","['IT Support', 'IT Engineer', 'Data Engineer']"
Agus Santoso,agus.santoso@example.com,6281234567890,"kebersihan dapur, kerja tim, microsoft office, ketelitian, pengelolaan bahan, komunikasi efektif, makanan, manajemen waktu, dasar-dasar persiapan","lulusan sma yang penuh semangat dan tertarik bekerja sebagai cook helper. meski belum memiliki pengalaman langsung di dapur profesional, saya memiliki pengetahuan dasar tentang persiapan makanan serta antusias belajar. saya siap untuk bekerja di lingkungan dapur yang dinamis dan mendukung tim dalam proses persiapan makanan.","langsung di dapur profesional,  saya memiliki pengetahuan dasar  tentang persiapan makanan serta  antusias belajar. saya siap untuk  bekerja di lingkungan dapur yang  dinamis dan mendukung tim  dalam proses persiapan  makanan.",SMA,-,Marketing,summary high school graduate full enthusiasm interested working cook helper even though dont direct experience professional kitchen basic knowledge food preparation enthusiastic learning ready work dynamic kitchen environment support team food preparation process experience directly professional kitchen basic knowledge food preparation enthusiastic learning ready work dynamic kitchen environment support team food preparation process skills kitchen cleanliness teamwork microsoft office accuracy material management effective communication food time management basics preparation education sma negeri 3 jakarta august 2020 july 2023 sma negeri 3 jakarta jakarta department science average score 80100,summary high school graduate who is full of enthusiasm and interested in working as a cook helper even though i dont have direct experience in a professional kitchen i have basic knowledge of food preparation and am enthusiastic about learning i am ready to work in a dynamic kitchen environment and support the team in the food preparation process experience directly in a professional kitchen i have basic knowledge of food preparation and am enthusiastic about learning i am ready to work in a dynamic kitchen environment and support the team in the food preparation process skills kitchen cleanliness teamwork microsoft office accuracy material management effective communication food time management basics of preparation education sma negeri 3 jakarta august 2020 july 2023 sma negeri 3 jakarta jakarta department science average score 80100,"summary: high school graduate who is full of enthusiasm and interested in working as a cook helper. even though i don't have direct experience in a professional kitchen, i have basic knowledge of food preparation and am enthusiastic about learning. i am ready to work in a dynamic kitchen environment and support the team in the food preparation process. experience: directly in a professional kitchen, i have basic knowledge of food preparation and am enthusiastic about learning. i am ready to work in a dynamic kitchen environment and support the team in the food preparation process. skills: kitchen cleanliness, teamwork, microsoft office, accuracy, material management, effective communication, food, time management, basics of preparation education: sma negeri 3 jakarta august 2020 - july 2023 sma negeri 3 jakarta jakarta department: science average score: 80/100","['Marketing Manager', 'Marketing', 'E-Commerce Spesialist']"
Rian Alfian,rian.alfian@example.com,6281234567890,"ipk: 3.80/4.00, tugas akhir: analisis kinerja reaktor kimia pada proses produksi biofuel",-,"magang di industri pengolahan dan desain proses. mempunyai  kemampuan dalam analisis data, pemrograman, serta pengembangan proses industri. terampil dalam bekerja  dalam tim serta memiliki motivasi tinggi untuk mengembangkan karier di bidang teknik kimia dan proses  industri.",S1,universitas teknologi surabaya surabaya ipk,Data,summary experience internship processing industry process design abilities data analysis programming industrial process development skilled working team highly motivated develop career field chemical engineering industrial processes skills gpa 380400 final assignment performance analysis chemical reactors biofuel production process education bachelor chemical engineering st september 2019 august 2024 surabaya university technology surabaya gpa 380400 final assignment performance analysis chemical reactors biofuel production process,summary experience internship in processing industry and process design have abilities in data analysis programming and industrial process development skilled in working in a team and highly motivated to develop a career in the field of chemical engineering and industrial processes skills gpa 380400 final assignment performance analysis of chemical reactors in the biofuel production process education bachelor of chemical engineering st september 2019 august 2024 surabaya university of technology surabaya gpa 380400 final assignment performance analysis of chemical reactors in the biofuel production process,"summary: experience: internship in processing industry and process design. have abilities in data analysis, programming, and industrial process development. skilled in working in a team and highly motivated to develop a career in the field of chemical engineering and industrial processes. skills: gpa: 3.80/4.00, final assignment: performance analysis of chemical reactors in the biofuel production process education: bachelor of chemical engineering (s.t.) september 2019 - august 2024 surabaya university of technology surabaya gpa: 3.80/4.00 final assignment: performance analysis of chemical reactors in the biofuel production process","['Data Analyst for Production Staff (CODE : PROD DA)', 'Data Scientist', 'Jr. Specialist Data Stewards']"
Rizky Amirullah,rizky.amirullah@naevawebmail.com,6281234567890,"ipk: 3.80/4.00, jurusan: teknik industri",-,dalam bekerja dengan tim dan memecahkan masalah yang kompleks.,-,universitas teknologi indonesia oktober 2022,Data,summary experience working teams solving complex problems skills gpa 380400 major industrial engineering education indonesian university technology october 2022 october 2026 indonesian university technology jakarta major industrial engineering gpa 380400 featured courses production management supply chain statistics data analysis,summary experience in working with teams and solving complex problems skills gpa 380400 major industrial engineering education indonesian university of technology october 2022 october 2026 indonesian university of technology jakarta major industrial engineering gpa 380400 featured courses production management supply chain statistics and data analysis,"summary: experience: in working with teams and solving complex problems. skills: gpa: 3.80/4.00, major: industrial engineering education: indonesian university of technology october 2022 - october 2026 indonesian university of technology jakarta major: industrial engineering gpa: 3.80/4.00 featured courses: production management, supply chain, statistics and data analysis","['Data Analyst for Production Staff (CODE : PROD DA)', 'Data Scientist', 'Jr. Specialist Data Stewards']"
Rina Septiani,rina.septiani@email.com,62812345678901,"pasien, pengelolaan rekam medis, dan kemampuan komunikasi yang",fresh graduate s1 keperawatan dengan,"dalam melakukan praktik klinik di berbagai rumah  sakit dengan fokus pada perawatan pasien dewasa dan lansia. mampu  bekerja secara mandiri maupun dalam tim, serta berkomitmen untuk  memberikan perawatan terbaik bagi pasien.",S1,universitas gadjah mada september 2019,Healthcare,summary fresh graduate bachelors degree nursing experience carrying clinical practice various hospitals focus caring adult elderly patients able work independently team committed providing best care patients skills patient medical record management communication skills education gadjah mada university september 2019 july 2023 bachelor nursing kep yogyakarta studying nursing theory practice focus caring adult elderly patients public health management medical record management gpa 385400,summary fresh graduate with bachelors degree in nursing with experience in carrying out clinical practice in various hospitals with a focus on caring for adult and elderly patients able to work independently or in a team and committed to providing the best care for patients skills patient medical record management and communication skills education gadjah mada university september 2019 july 2023 bachelor of nursing s kep yogyakarta studying nursing theory and practice with a focus on caring for adult and elderly patients public health management and medical record management gpa 385400,"summary: fresh graduate with bachelor's degree in nursing with experience: in carrying out clinical practice in various hospitals with a focus on caring for adult and elderly patients. able to work independently or in a team, and committed to providing the best care for patients. skills: patient, medical record management, and communication skills education: gadjah mada university september 2019 - july 2023 bachelor of nursing (s. kep) yogyakarta studying nursing theory and practice, with a focus on caring for adult and elderly patients, public health management, and medical record management. gpa: 3.85/4.00.","['Perawat', 'Nurse', 'Medical Representative']"
Aulia Nuraini,aulia.nuraini@example.com,6281234567890,"perawatan pasca melahirkan, microsoft office, sistem informasi kesehatan, telemedicine platforms, konsultasi kesehatan reproduksi, pemecahan masalah, proses persalinan, empati, pemeriksaan antenatal, kerjasama tim, komunikasi efektif",-,"3 tahun dalam memberikan pelayanan kesehatan ibu  dan anak. berpengalaman dalam menangani kehamilan, persalinan, dan perawatan pasca melahirkan.  mampu berkomunikasi dengan baik, empati tinggi, serta berkomitmen untuk memberikan perawatan terbaik  kepada setiap pasien.",D3,-,Healthcare,summary experience 3 years providing maternal child health services experienced handling pregnancy childbirth postnatal care able communicate well high empathy committed providing best care every patient skills postnatal care microsoft office health information systems telemedicine platforms reproductive health consultation problem solving birth process empathy antenatal examination teamwork effective communication education midwifery diploma september 2019 august 2022 lorem ipsum yogyakarta midwifery academy gpa 385400 graduate cum laude predicate active activities,summary experience 3 years in providing maternal and child health services experienced in handling pregnancy childbirth and postnatal care able to communicate well have high empathy and are committed to providing the best care to every patient skills postnatal care microsoft office health information systems telemedicine platforms reproductive health consultation problem solving birth process empathy antenatal examination teamwork effective communication education midwifery diploma september 2019 august 2022 lorem ipsum yogyakarta midwifery academy gpa 385400 graduate with cum laude predicate active in activities,"summary: experience: 3 years in providing maternal and child health services. experienced in handling pregnancy, childbirth and postnatal care. able to communicate well, have high empathy, and are committed to providing the best care to every patient. skills: postnatal care, microsoft office, health information systems, telemedicine platforms, reproductive health consultation, problem solving, birth process, empathy, antenatal examination, teamwork, effective communication education: midwifery diploma september 2019 - august 2022 lorem ipsum yogyakarta midwifery academy gpa: 3.85/4.00 graduate with cum laude predicate. active in activities","['Perawat', 'Nurse', 'Medical Representative']"
Andi Pratama,andi.pratama@example.com,6281123456789,"manajemen inventori, google workspace, meracik kopi, microsoft office, pengoperasian mesin espresso, sistem pos, kerja sama tim, komunikasi efektif, pelayanan pelanggan, manajemen waktu",-,"lebih dari 3 tahun di industri kopi. terampil dalam meracik berbagai jenis  minuman kopi, menjaga kebersihan area kerja, serta memiliki kemampuan komunikasi dan pelayanan  pelanggan yang baik. berkomitmen untuk selalu memberikan pengalaman kopi terbaik dan mendalami seni  dalam meracik kopi.",SMA,-,Customer Service,summary experience 3 years coffee industry skilled mixing various types coffee drinks maintaining cleanliness work area good communication customer service skills committed always providing best coffee experience exploring art brewing coffee skills inventory management google workspace coffee mixing microsoft office espresso machine operation pos system teamwork effective communication customer service time management education sma negeri 3 jakarta august 2017 july 2020 sma negeri 3 jakarta jakarta department social sciences average score 87100,summary experience more than 3 years in the coffee industry skilled in mixing various types of coffee drinks maintaining the cleanliness of the work area and having good communication and customer service skills committed to always providing the best coffee experience and exploring the art of brewing coffee skills inventory management google workspace coffee mixing microsoft office espresso machine operation pos system teamwork effective communication customer service time management education sma negeri 3 jakarta august 2017 july 2020 sma negeri 3 jakarta jakarta department social sciences average score 87100,"summary: experience: more than 3 years in the coffee industry. skilled in mixing various types of coffee drinks, maintaining the cleanliness of the work area, and having good communication and customer service skills. committed to always providing the best coffee experience and exploring the art of brewing coffee. skills: inventory management, google workspace, coffee mixing, microsoft office, espresso machine operation, pos system, teamwork, effective communication, customer service, time management education: sma negeri 3 jakarta august 2017 - july 2020 sma negeri 3 jakarta jakarta department: social sciences average score: 87/100","['Customer Service', 'Customer Success Officer', 'Customer Relationship Officer']"
Siti Nurhayati,siti.nurhayati@example.com,6281234567890,"kepemimpinan, google workspace, kerja tim, keterampilan komunikasi, microsoft office, pelayanan pelanggan, manajemen waktu, pengelolaan stok",-,"dalam pelayanan pelanggan.  memiliki kemampuan komunikasi yang baik, mampu bekerja di bawah tekanan, dan siap untuk memberikan  pengalaman belanja yang menyenangkan bagi pelanggan.",-,-,Customer Service,summary experience customer service good communication skills able work pressure ready provide pleasant shopping experience customers skills leadership google workspace team work communication skills microsoft office customer service time management stock management education smk negeri 1 jakarta august 2021 july 2024 smk negeri 1 jakarta jakarta department online business marketing average score 85100 achievement 2nd place provincial level entrepreneurship competition 2023,summary experience in customer service have good communication skills able to work under pressure and ready to provide a pleasant shopping experience for customers skills leadership google workspace team work communication skills microsoft office customer service time management stock management education smk negeri 1 jakarta august 2021 july 2024 smk negeri 1 jakarta jakarta department online business and marketing average score 85100 achievement 2nd place in provincial level entrepreneurship competition 2023,"summary: experience: in customer service. have good communication skills, able to work under pressure, and ready to provide a pleasant shopping experience for customers. skills: leadership, google workspace, team work, communication skills, microsoft office, customer service, time management, stock management education: smk negeri 1 jakarta august 2021 - july 2024 smk negeri 1 jakarta jakarta department: online business and marketing average score: 85/100 achievement: 2nd place in provincial level entrepreneurship competition (2023)","['Customer Service', 'Customer Success Officer', 'Customer Relationship Officer']"
Rina Haryati,rina.haryati@email.com,62812345678900,"kementerian kesehatan (2020), adaptasi dalam situasi darurat, kerja tim, sertifikasi, pengendalian infeksi, sterilisasi alat medis, pemecahan masalah, perawatan perioperatif, komunikasi efektif, manajemen waktu",-,"dengan lebih dari 3 tahun bekerja di berbagai rumah sakit besar.  terampil dalam mempersiapkan dan mendukung prosedur bedah, menjaga lingkungan steril, serta  memastikan keamanan dan kenyamanan pasien selama operasi. mampu bekerja dalam tekanan tinggi  dengan perhatian yang mendetail.  pengalaman kerja perawat kamar operasi april 2020 - agustus 2023  rumah sakit lorem ipsum jakarta  mempersiapkan peralatan dan lingkungan operasi sesuai dengan standar prosedur.  mendampingi dokter bedah selama operasi dan memastikan segala kebutuhan terpenuhi.  melakukan sterilisasi peralatan setelah operasi dan memantau pemulihan pasien pasca operasi.  perawat umum februari 2018 - maret 2020  puskesmas lorem ipsum depok  memberikan perawatan medis dasar kepada pasien, termasuk pemberian obat dan pengawasan  kondisi kesehatan.  melakukan pencatatan medis dan berkoordinasi dengan dokter mengenai rencana perawatan pasien.",D3,-,Healthcare,summary experience 3 years working various large hospitals skilled preparing supporting surgical procedures maintaining sterile environment ensuring patient safety comfort surgery able work high pressure attention detail operating room nurse work experience april 2020 august 2023 lorem ipsum jakarta hospital prepares equipment operating environment accordance standard procedures accompany surgeon operation ensure needs met sterilize equipment surgery monitor postoperative patient recovery general nurse february 2018 march 2020 lorem ipsum depok health center provides basic medical care patients including administering medication monitoring health conditions carry medical records coordinate doctors regarding patient treatment plans skills ministry health 2020 adaptation emergency situations teamwork certification infection control sterilization medical equipment problem solving perioperative care effective communication time management education nursing diploma september 2015 august 2018 lorem ipsum jakarta nursing academy deepens nursing science focus perioperative care clinical practice various hospitals,summary experience with more than 3 years working in various large hospitals skilled in preparing and supporting surgical procedures maintaining a sterile environment and ensuring patient safety and comfort during surgery able to work under high pressure with attention to detail operating room nurse work experience april 2020 august 2023 lorem ipsum jakarta hospital prepares equipment and operating environment in accordance with standard procedures accompany the surgeon during the operation and ensure all needs are met sterilize equipment after surgery and monitor postoperative patient recovery general nurse february 2018 march 2020 lorem ipsum depok health center provides basic medical care to patients including administering medication and monitoring health conditions carry out medical records and coordinate with doctors regarding patient treatment plans skills ministry of health 2020 adaptation in emergency situations teamwork certification infection control sterilization of medical equipment problem solving perioperative care effective communication time management education nursing diploma september 2015 august 2018 lorem ipsum jakarta nursing academy deepens nursing science with a focus on perioperative care and clinical practice in various hospitals,"summary: experience: with more than 3 years working in various large hospitals. skilled in preparing and supporting surgical procedures, maintaining a sterile environment, and ensuring patient safety and comfort during surgery. able to work under high pressure with attention to detail. operating room nurse work experience april 2020 - august 2023 lorem ipsum jakarta hospital prepares equipment and operating environment in accordance with standard procedures. accompany the surgeon during the operation and ensure all needs are met. sterilize equipment after surgery and monitor post-operative patient recovery. general nurse february 2018 - march 2020 lorem ipsum depok health center provides basic medical care to patients, including administering medication and monitoring health conditions. carry out medical records and coordinate with doctors regarding patient treatment plans. skills: ministry of health (2020), adaptation in emergency situations, teamwork, certification, infection control, sterilization of medical equipment, problem solving, perioperative care, effective communication, time management education: nursing diploma september 2015 - august 2018 lorem ipsum jakarta nursing academy deepens nursing science with a focus on perioperative care and clinical practice in various hospitals.","['Perawat', 'Nurse', 'Medical Representative']"
Siti Andini,siti.andini@example.com,6281234567890,"sistem informasi rumah sakit (sirs), penanganan darurat, kerja tim, spss, microsoft office, diagnosa medis, pemeriksaan fisik, empati, komunikasi efektif, manajemen waktu",-,"dalam rotasi klinik di berbagai departemen, serta memiliki keterampilan komunikasi  yang baik dan kemampuan bekerja sama dalam tim. siap untuk berkontribusi dalam meningkatkan kualitas  kesehatan masyarakat.",S1,universitas indonesia jakarta lulus dengan ipk 3,Healthcare,summary experience clinical rotations various departments good communication skills ability work together team ready contribute improving quality public health skills hospital information system sirs emergency handling team work spss microsoft office medical diagnosis physical examination empathy effective communication time management education bachelor medicine september 2018 august 2024 university indonesia jakarta graduated gpa 385400 conducting research related treatment patients chronic diseases central jakarta health centers,summary experience in clinical rotations in various departments and has good communication skills and the ability to work together in a team ready to contribute to improving the quality of public health skills hospital information system sirs emergency handling team work spss microsoft office medical diagnosis physical examination empathy effective communication time management education bachelor of medicine september 2018 august 2024 university of indonesia jakarta graduated with gpa 385400 conducting research related to the treatment of patients with chronic diseases in central jakarta health centers,"summary: experience: in clinical rotations in various departments, and has good communication skills and the ability to work together in a team. ready to contribute to improving the quality of public health. skills: hospital information system (sirs), emergency handling, team work, spss, microsoft office, medical diagnosis, physical examination, empathy, effective communication, time management education: bachelor of medicine september 2018 - august 2024 university of indonesia jakarta graduated with gpa 3.85/4.00. conducting research related to the treatment of patients with chronic diseases in central jakarta health centers.","['Perawat', 'Nurse', 'Medical Representative']"
Rudi Hartono,rudi.hartono@email.com,62812345678901,"lorem industries surabaya, sertifikasi, konvensional, perbaikan mesin, teknisi mesin magang februari 2023 - mei 2023, lsp mesin indonesia (2023), cnc, kinerjanya untuk meningkatkan efisiensi kerja., bertugas dalam pemeliharaan dan perbaikan mesin-mesin produksi di, pabrik, serta membantu teknisi senior dalam troubleshooting mesin., kerja sama tim, proyek, office magang, proyek akhir: perbaikan dan, optimasi mesin bubut mei 2023 - juni 2023, smk negeri 2 surabaya surabaya, penggunaan alat mesin, autocad, solidworks, microsoft, pemeliharaan mesin, ketelitian, manajemen waktu, melakukan perbaikan pada mesin bubut sekolah dan mengoptimalkan","lulusan smk teknik mesin yang memiliki pengalaman dalam pemeliharaan dan perbaikan mesin-mesin industri. terampil dalam penggunaan alat-alat mesin konvensional maupun modern, serta mampu bekerja dalam tim untuk menyelesaikan proyek tepat waktu. berorientasi pada keselamatan kerja dan kualitas hasil kerja.","dalam  pemeliharaan dan perbaikan  mesin-mesin industri. terampil  dalam penggunaan alat-alat mesin  konvensional maupun modern,  serta mampu bekerja dalam tim  untuk menyelesaikan proyek tepat  waktu. berorientasi pada  keselamatan kerja dan kualitas  hasil kerja.",-,-,Operations,summary mechanical engineering vocational school graduate experience maintaining repairing industrial machines skilled using conventional modern machine tools able work team complete projects time oriented work safety quality work results experience maintenance repair industrial machines skilled using conventional modern machine tools able work team complete projects time oriented work safety quality work results skills lorem industries surabaya certification conventional machine repair machine technician internship february 2023 may 2023 lsp machine indonesia 2023 cnc performance improve work efficiency tasked maintaining repairing production machines factories well assisting senior technicians machine troubleshooting teamwork projects office internship final project repair optimization lathes may 2023 june 2023 smk negeri 2 surabaya surabaya use machine tools autocad solidworks microsoft machine maintenance accuracy time management making repairs school lathes optimizing education smk negeri 2 surabaya august 2020 july 2023 mechanical engineering surabaya studying basics mechanical engineering including maintenance repair operation industrial machines,summary mechanical engineering vocational school graduate who has experience in maintaining and repairing industrial machines skilled in using conventional and modern machine tools and able to work in a team to complete projects on time oriented to work safety and quality of work results experience in maintenance and repair of industrial machines skilled in using conventional and modern machine tools and able to work in a team to complete projects on time oriented to work safety and quality of work results skills lorem industries surabaya certification conventional machine repair machine technician internship february 2023 may 2023 lsp machine indonesia 2023 cnc performance to improve work efficiency tasked with maintaining and repairing production machines in factories as well as assisting senior technicians in machine troubleshooting teamwork projects office internship final project repair and optimization of lathes may 2023 june 2023 smk negeri 2 surabaya surabaya use of machine tools autocad solidworks microsoft machine maintenance accuracy time management making repairs to school lathes and optimizing education smk negeri 2 surabaya august 2020 july 2023 mechanical engineering surabaya studying the basics of mechanical engineering including maintenance repair and operation of industrial machines,"summary: mechanical engineering vocational school graduate who has experience in maintaining and repairing industrial machines. skilled in using conventional and modern machine tools, and able to work in a team to complete projects on time. oriented to work safety and quality of work results. experience: in maintenance and repair of industrial machines. skilled in using conventional and modern machine tools, and able to work in a team to complete projects on time. oriented to work safety and quality of work results. skills: lorem industries surabaya, certification, conventional, machine repair, machine technician internship february 2023 - may 2023, lsp machine indonesia (2023), cnc, performance to improve work efficiency., tasked with maintaining and repairing production machines in factories, as well as assisting senior technicians in machine troubleshooting., teamwork, projects, office internship, final project: repair and optimization of lathes may 2023 - june 2023, smk negeri 2 surabaya surabaya, use of machine tools, autocad, solidworks, microsoft, machine maintenance, accuracy, time management, making repairs to school lathes and optimizing education: smk negeri 2 surabaya august 2020 - july 2023 mechanical engineering surabaya studying the basics of mechanical engineering, including maintenance, repair and operation of industrial machines.","['Operasional Manager', 'Operational Head', 'Production Supervisor']"
Rina Kartika,rina.kartika@example.com,6289876543210,"kepemimpinan, google workspace, kerja tim, kreativitas, hootsuite, microsoft office, canva, adobe photoshop, komunikasi efektif, analisis pasar","lulusan smk pemasaran dengan pemahaman yang kuat dalam strategi pemasaran, analisis pasar, dan penjualan. memiliki pengalaman magang di bidang pemasaran serta aktif dalam",magang di bidang pemasaran serta aktif dalam,-,-,Marketing,summary marketing vocational graduate strong understanding marketing strategy market analysis sales internship experience marketing active experience internship marketing active skills leadership google workspace teamwork creativity hootsuite microsoft office canva adobe photoshop effective communication market analysis education smk negeri 2 bekasi august 2021 july 2024 smk negeri 2 bekasi bekasi department marketing average score 88100 achievement 1st place bekasi city business simulation competition 2023,summary marketing vocational graduate with a strong understanding in marketing strategy market analysis and sales has internship experience in marketing and is active in experience internship in marketing and active in skills leadership google workspace teamwork creativity hootsuite microsoft office canva adobe photoshop effective communication market analysis education smk negeri 2 bekasi august 2021 july 2024 smk negeri 2 bekasi bekasi department marketing average score 88100 achievement 1st place in bekasi city business simulation competition 2023,"summary: marketing vocational graduate with a strong understanding in marketing strategy, market analysis, and sales. has internship experience in marketing and is active in experience: internship in marketing and active in skills: leadership, google workspace, teamwork, creativity, hootsuite, microsoft office, canva, adobe photoshop, effective communication, market analysis education: smk negeri 2 bekasi august 2021 - july 2024 smk negeri 2 bekasi bekasi department: marketing average score: 88/100 achievement: 1st place in bekasi city business simulation competition (2023)","['Marketing Manager', 'Marketing', 'E-Commerce Spesialist']"
Dewi Handayani,dewi.handayani@example.com,6281234567890,"sistem informasi rumah sakit (sirs), kerja tim, prosedur medis minor, spss, microsoft office, manajemen kesehatan publik, diagnosa klinis, empati, komunikasi efektif, manajemen waktu, perawatan luka",-,"dalam memberikan perawatan kesehatan kepada pasien  di berbagai kondisi medis. berpengalaman dalam diagnosis, perawatan, serta edukasi pasien, dengan  kemampuan komunikasi yang baik dan kerja sama tim yang solid. mampu bekerja dalam lingkungan yang  cepat dan dinamis, serta berdedikasi untuk memberikan perawatan terbaik kepada pasien.",S1,universitas indonesia jakarta gelar sarjana kedokteran,Healthcare,summary experience providing health care patients variety medical conditions experienced diagnosis treatment patient education good communication skills solid teamwork able work fast dynamic environment dedicated providing best care patients skills hospital information systems sirs team work minor medical procedures spss microsoft office public health management clinical diagnosis empathy effective communication time management wound care education general practitioner september 2012 august 2018 university indonesia jakarta bachelor medicine ske general practitioner gpa 375400 final project treatment prevention tropical diseases urban areas,summary experience in providing health care to patients in a variety of medical conditions experienced in diagnosis treatment and patient education with good communication skills and solid teamwork able to work in a fast and dynamic environment and dedicated to providing the best care to patients skills hospital information systems sirs team work minor medical procedures spss microsoft office public health management clinical diagnosis empathy effective communication time management wound care education general practitioner september 2012 august 2018 university of indonesia jakarta bachelor of medicine ske and general practitioner gpa 375400 final project treatment and prevention of tropical diseases in urban areas,"summary: experience: in providing health care to patients in a variety of medical conditions. experienced in diagnosis, treatment, and patient education, with good communication skills and solid teamwork. able to work in a fast and dynamic environment, and dedicated to providing the best care to patients. skills: hospital information systems (sirs), team work, minor medical procedures, spss, microsoft office, public health management, clinical diagnosis, empathy, effective communication, time management, wound care education: general practitioner september 2012 - august 2018 university of indonesia jakarta bachelor of medicine (s.k.e.) and general practitioner gpa: 3.75/4.00 final project: 'treatment and prevention of tropical diseases in urban areas'","['Perawat', 'Nurse', 'Medical Representative']"
Satria Permana,satria.permana@example.com,6281234567890,"satria permana, mengolah dan menganalisis data, kemampuan yang kuat dalam, rekomendasi berbasis data untuk, sql, hobi, pt data nusantara jakarta, google analytics, ipk: 3.85/4.00, pemrograman dan pengelolaan, power bi, soft skills:, analitik. berpengalaman dalam, pt lorem ipsum jakarta, tableau, r, keputusan bisnis. memiliki, menggunakan berbagai tools, keputusan di industri retail, pemecahan masalah, microsoft powerpoint penghargaan, (2020), komunikasi efektif, serta memberikan rekomendasi untuk perbaikan., lebih dari 3 tahun dalam, analisis kritis, database, serta kemampuan, rina suryani, pt lorem ipsum, visualisasi data, dan memberikan, operasional sebesar 15%., jakarta selatan 12345, mendukung pengambilan, linkedin.com/in/satria-permana | www.satriapermana.com, untuk bekerja sama dalam tim, +6281234567891 | rina.suryani@loremipsum.com, pengerjaan laporan hingga 30%. keahlian, analis data dengan pengalaman, jupyter notebook, microsoft excel, software skills:, bahasa, mengidentifikasi tren, membuat, hard skills:, python, manajemen waktu, menganalisis tren pasar referensi, satria.permana@example.com | +6281234567890",-,"lebih dari 3 tahun dalam  mengolah dan menganalisis data  menggunakan berbagai tools  analitik. berpengalaman dalam  mengidentifikasi tren, membuat  visualisasi data, dan memberikan  rekomendasi berbasis data untuk  mendukung pengambilan  keputusan bisnis. memiliki  kemampuan yang kuat dalam  pemrograman dan pengelolaan  database, serta kemampuan  untuk bekerja sama dalam tim  yang dinamis.",S1,universitas indonesia jakarta konsentrasi,Data,summary experience 3 years processing analyzing data using various analytical tools experienced identifying trends creating data visualizations providing databased recommendations support business decision making strong skills programming database management well ability work together dynamic team skills satria permana processing analyzing data strong ability databased recommendations sql hobby pt data nusantara jakarta google analytics gpa 385400 programming management power bi soft skills analytics experienced pt lorem ipsum jakarta tableau r business decisions uses various tools decisions retail industry problem solving microsoft powerpoint award 2020 effective communication provides recommendations improvement 3 years critical analysis databases well capabilities rina suryani pt lorem ipsum data visualization provides operations 15 south jakarta 12345 supports retrieval linkedincominsatriapermana wwwsatriapermanacom work together team 6281234567891 rinasuryaniloremipsumcom report processing 30 skills data analyst experience jupyter notebook microsoft excel software skills language identifying trends creating hard skills python time management analyzing market trends reference satriapermanaexamplecom 6281234567890 education bachelor information technology september 2016 august 2020 university indonesia jakarta concentration data science data analysis gpa 385400 thesis big data analysis optimizing decision making retail industry,summary experience more than 3 years in processing and analyzing data using various analytical tools experienced in identifying trends creating data visualizations and providing databased recommendations to support business decision making have strong skills in programming and database management as well as the ability to work together in a dynamic team skills satria permana processing and analyzing data strong ability in databased recommendations for sql hobby pt data nusantara jakarta google analytics gpa 385400 programming and management power bi soft skills analytics experienced in pt lorem ipsum jakarta tableau r business decisions has uses various tools decisions in the retail industry problem solving microsoft powerpoint award 2020 effective communication and provides recommendations for improvement more than 3 years in critical analysis databases as well as capabilities rina suryani pt lorem ipsum data visualization and provides operations by 15 south jakarta 12345 supports retrieval linkedincominsatriapermana wwwsatriapermanacom to work together as a team 6281234567891 rinasuryaniloremipsumcom report processing up to 30 skills data analyst with experience jupyter notebook microsoft excel software skills language identifying trends creating hard skills python time management analyzing market trends reference satriapermanaexamplecom 6281234567890 education bachelor of information technology september 2016 august 2020 university of indonesia jakarta concentration data science and data analysis gpa 385400 thesis big data analysis for optimizing decision making in the retail industry,"summary: experience: more than 3 years in processing and analyzing data using various analytical tools. experienced in identifying trends, creating data visualizations, and providing data-based recommendations to support business decision making. have strong skills in programming and database management, as well as the ability to work together in a dynamic team. skills: satria permana, processing and analyzing data, strong ability in, data-based recommendations for, sql, hobby, pt data nusantara jakarta, google analytics, gpa: 3.85/4.00, programming and management, power bi, soft skills:, analytics. experienced in, pt lorem ipsum jakarta, tableau, r, business decisions. has, uses various tools, decisions in the retail industry, problem solving, microsoft powerpoint award, (2020), effective communication, and provides recommendations for improvement., more than 3 years in, critical analysis, databases, as well as capabilities, rina suryani, pt lorem ipsum, data visualization, and provides, operations by 15%., south jakarta 12345, supports retrieval, linkedin.com/in/satria-permana | www.satriapermana.com, to work together as a team, +6281234567891 | rina.suryani@loremipsum.com, report processing up to 30%. skills, data analyst with experience, jupyter notebook, microsoft excel, software skills:, language, identifying trends, creating, hard skills:, python, time management, analyzing market trends reference, satria.permana@example.com | +6281234567890 education: bachelor of information technology september 2016 - august 2020 university of indonesia jakarta concentration: data science and data analysis gpa: 3.85/4.00 thesis: big data analysis for optimizing decision making in the retail industry","['Data Analyst for Production Staff (CODE : PROD DA)', 'Data Scientist', 'Jr. Specialist Data Stewards']"
Rama Suryadi,rama.suryadi@example.com,6281234567890,"ipk: 3.75/4.00, perkotaan, tugas akhir: desain gedung ramah lingkungan untuk kawasan","arsitek berpengalaman dengan lebih dari 5 tahun dalam perencanaan, desain, dan pelaksanaan proyek arsitektur skala kecil hingga besar. menguasai berbagai software desain arsitektur dan memiliki kemampuan untuk menghasilkan desain yang inovatif serta fungsional. mampu bekerja sama dengan tim lintas disiplin untuk mencapai hasil yang optimal sesuai dengan kebutuhan klien.","dengan lebih dari 5 tahun dalam perencanaan,  desain, dan pelaksanaan proyek arsitektur skala kecil hingga besar.  menguasai berbagai software desain arsitektur dan memiliki  kemampuan untuk menghasilkan desain yang inovatif serta fungsional.  mampu bekerja sama dengan tim lintas disiplin untuk mencapai hasil  yang optimal sesuai dengan kebutuhan klien.",S1,institut teknologi bandung bandung ipk,Engineering,summary experienced architect 5 years planning designing implementing small large scale architectural projects master various architectural design software ability produce innovative functional designs able work together interdisciplinary teams achieve optimal results according client needs experience 5 years planning designing implementing small large scale architectural projects master various architectural design software ability produce innovative functional designs able work together interdisciplinary teams achieve optimal results according client needs skills gpa 375400 urban final assignment environmentally friendly building design regional areas education bachelor architecture sars september 2015 august 2019 bandung institute technology bandung gpa 375400 final assignment environmentally friendly building design urban areas,summary experienced architect with more than 5 years in planning designing and implementing small to large scale architectural projects master various architectural design software and have the ability to produce innovative and functional designs able to work together with interdisciplinary teams to achieve optimal results according to client needs experience with more than 5 years in planning designing and implementing small to large scale architectural projects master various architectural design software and have the ability to produce innovative and functional designs able to work together with interdisciplinary teams to achieve optimal results according to client needs skills gpa 375400 urban final assignment environmentally friendly building design for regional areas education bachelor of architecture sars september 2015 august 2019 bandung institute of technology bandung gpa 375400 final assignment environmentally friendly building design for urban areas,"summary: experienced architect with more than 5 years in planning, designing and implementing small to large scale architectural projects. master various architectural design software and have the ability to produce innovative and functional designs. able to work together with interdisciplinary teams to achieve optimal results according to client needs. experience: with more than 5 years in planning, designing and implementing small to large scale architectural projects. master various architectural design software and have the ability to produce innovative and functional designs. able to work together with interdisciplinary teams to achieve optimal results according to client needs. skills: gpa: 3.75/4.00, urban, final assignment: environmentally friendly building design for regional areas education: bachelor of architecture (s.ars) september 2015 - august 2019 bandung institute of technology bandung gpa: 3.75/4.00 final assignment: environmentally friendly building design for urban areas","['Engineer Staff', 'Project Engineer', 'Electrical Engineering (Kosmetik & Farmasi)']"
Rian Pratama,rian.pratama@example.com,6281234567890,"kepemimpinan, arena simulation, microsoft excel, kerja tim, autocad, lean manufacturing, manajemen produksi, simulasi sistem, analisis data, minitab, pemecahan masalah, komunikasi efektif, optimasi proses",-,dalam proyek perancangan sistem dan analisis data. memiliki  kemampuan komunikasi yang baik dan mampu bekerja secara mandiri maupun dalam tim. siap beradaptasi  dan berkembang dalam industri yang dinamis.,S1,universitas industri indonesia bandung ipk,Engineering,summary experience system design data analysis projects good communication skills able work independently team ready adapt develop dynamic industry skills leadership arena simulation microsoft excel team work autocad lean manufacturing production management system simulation data analysis minitab problem solving effective communication process optimization education bachelor industrial engineering october 2019 september 2023 indonesian industrial university bandung gpa 385400 final project optimizing production processes manufacturing industry using lean manufacturing methods,summary experience in system design and data analysis projects have good communication skills and able to work independently or in a team ready to adapt and develop in a dynamic industry skills leadership arena simulation microsoft excel team work autocad lean manufacturing production management system simulation data analysis minitab problem solving effective communication process optimization education bachelor of industrial engineering october 2019 september 2023 indonesian industrial university bandung gpa 385400 final project optimizing production processes in the manufacturing industry using lean manufacturing methods,"summary: experience: in system design and data analysis projects. have good communication skills and able to work independently or in a team. ready to adapt and develop in a dynamic industry. skills: leadership, arena simulation, microsoft excel, team work, autocad, lean manufacturing, production management, system simulation, data analysis, minitab, problem solving, effective communication, process optimization education: bachelor of industrial engineering october 2019 - september 2023 indonesian industrial university bandung gpa: 3.85/4.00 final project: optimizing production processes in the manufacturing industry using lean manufacturing methods","['Engineer Staff', 'Project Engineer', 'Electrical Engineering (Kosmetik & Farmasi)']"
Rina Amalia,rina.amalia@naevawebmail.com,6281234567890,"problem solving, referensi, visual studio code, rina.amalia@naevawebmail.com | +6281234567890, pt lorem ipsum teknologi bandung, hobi, menciptakan aplikasi baru, ipk: 3.85/4.00, pemrograman melalui berbagai kolaborasi proyek., soft skills:, database (mysql, mongodb), rina amalia, docker, freelance bandung, kreativitas, riwayat organisasi, pemrograman (java, python, c++), analisis data, keahlian, penghargaan, devops (docker, kubernetes), +6281234567892 | andi.setiawan@loremipsumtech.com, git, pembuatan aplikasi mobile (flutter), kerja tim, komunitas developer bandung bandung, software skills:, bahasa, hard skills:, bandung, jawa barat 40123, postman, linkedin.com/in/rina-amalia | www.rinaamalia.com, manajemen waktu",-,"dalam bekerja dengan berbagai bahasa pemrograman dan framework.  memiliki kemampuan analitis yang kuat, serta pengalaman dalam mengerjakan proyek berbasis tim dan  mandiri. siap untuk mengembangkan keterampilan lebih lanjut di bidang teknologi informasi.",S1,universitas lorem ipsum bandung ipk,Software,summary experience working various programming languages ​​and frameworks strong analytical skills well experience working teambased independent projects ready develop skills field information technology skills problem solving reference visual studio code rinaamalianaevawebmailcom 6281234567890 pt lorem ipsum teknologi bandung hobby creating new applications gpa 385400 programming various collaborative projects soft skills database mysql mongodb rina amalia docker freelance bandung creativity organizational history programming java python c data analysis skills awards devops docker kubernetes 6281234567892 andisetiawanloremipsumtechcom git mobile application creation flutter teamwork bandung developer community bandung software skills language hard skills bandung west java 40123 postman linkedincominrinaamalia wwwrinaamaliacom time management education bachelors degree informatics engineering october 2019 july 2023 lorem ipsum university bandung gpa 385400 concentration programming software development final project mobile application development personal financial management,summary experience in working with various programming languages ​​and frameworks have strong analytical skills as well as experience in working on teambased and independent projects ready to develop further skills in the field of information technology skills problem solving reference visual studio code rinaamalianaevawebmailcom 6281234567890 pt lorem ipsum teknologi bandung hobby creating new applications gpa 385400 programming through various collaborative projects soft skills database mysql mongodb rina amalia docker freelance bandung creativity organizational history programming java python c data analysis skills awards devops docker kubernetes 6281234567892 andisetiawanloremipsumtechcom git mobile application creation flutter teamwork bandung developer community bandung software skills language hard skills bandung west java 40123 postman linkedincominrinaamalia wwwrinaamaliacom time management education bachelors degree in informatics engineering october 2019 july 2023 lorem ipsum university bandung gpa 385400 concentration programming and software development final project mobile application development for personal financial management,"summary: experience: in working with various programming languages ​​and frameworks. have strong analytical skills, as well as experience in working on team-based and independent projects. ready to develop further skills in the field of information technology. skills: problem solving, reference, visual studio code, rina.amalia@naevawebmail.com | +6281234567890, pt lorem ipsum teknologi bandung, hobby, creating new applications, gpa: 3.85/4.00, programming through various collaborative projects., soft skills:, database (mysql, mongodb), rina amalia, docker, freelance bandung, creativity, organizational history, programming (java, python, c++), data analysis, skills, awards, devops (docker, kubernetes), +6281234567892 | andi.setiawan@loremipsumtech.com, git, mobile application creation (flutter), teamwork, bandung developer community bandung, software skills:, language, hard skills:, bandung, west java 40123, postman, linkedin.com/in/rina-amalia | www.rinaamalia.com, time management education: bachelor's degree in informatics engineering october 2019 - july 2023 lorem ipsum university bandung gpa: 3.85/4.00 concentration: programming and software development final project: mobile application development for personal financial management","['IT Support', 'IT Engineer', 'Data Engineer']"
Sarah Putri,sarah.putri@example.com,6281234567890,"asesmen psikologis, google workspace, kerja tim, penelitian psikologi, spss, microsoft office, pemecahan masalah, pengembangan program intervensi, empati, penyusunan laporan psikologi, komunikasi efektif",-,"dalam penelitian, asesmen psikologis, dan bekerja dalam tim. memiliki keterampilan  komunikasi yang baik serta kemampuan untuk memahami dan mendukung individu dalam proses  pembelajaran dan perkembangan.",-,universitas gadjah mada oktober 2021,Healthcare,summary experience research psychological assessment working teams good communication skills well ability understand support individuals learning development process skills psychological assessment google workspace team work psychological research spss microsoft office problem solving intervention program development empathy preparing psychological reports effective communication education gadjah mada university october 2021 july 2025 gadjah mada university yogyakarta department psychology gpa 380400 final project topic influence academic stress students mental health,summary experience in research psychological assessment and working in teams have good communication skills as well as the ability to understand and support individuals in the learning and development process skills psychological assessment google workspace team work psychological research spss microsoft office problem solving intervention program development empathy preparing psychological reports effective communication education gadjah mada university october 2021 july 2025 gadjah mada university yogyakarta department psychology gpa 380400 final project topic the influence of academic stress on students mental health,"summary: experience: in research, psychological assessment, and working in teams. have good communication skills as well as the ability to understand and support individuals in the learning and development process. skills: psychological assessment, google workspace, team work, psychological research, spss, microsoft office, problem solving, intervention program development, empathy, preparing psychological reports, effective communication education: gadjah mada university october 2021 - july 2025 gadjah mada university yogyakarta department: psychology gpa: 3.80/4.00 final project topic: the influence of academic stress on students' mental health","['Perawat', 'Nurse', 'Medical Representative']"
Rudi Pratama,rudi.pratama@example.com,6281234567890,untuk berkontribusi dalam pengembangan solusi teknis di industri.,-,"dalam proyek berbasis teknologi, dan siap  untuk berkontribusi dalam pengembangan solusi teknis di industri.",S1,universitas lorem ipsum bandung ipk,Engineering,summary experience technologybased projects ready contribute development technical solutions industry skills contribute development technical solutions industry education bachelor electrical engineering october 2019 july 2023 lorem ipsum university bandung gpa 370400 final assignment development dc motor control system using arduino achievement 1st place electrical engineering scientific writing competition,summary experience in technologybased projects and ready to contribute to the development of technical solutions in the industry skills to contribute to the development of technical solutions in the industry education bachelor of electrical engineering october 2019 july 2023 lorem ipsum university bandung gpa 370400 final assignment development of a dc motor control system using arduino achievement 1st place in electrical engineering scientific writing competition,"summary: experience: in technology-based projects, and ready to contribute to the development of technical solutions in the industry. skills: to contribute to the development of technical solutions in the industry. education: bachelor of electrical engineering october 2019 - july 2023 lorem ipsum university bandung gpa: 3.70/4.00 final assignment: 'development of a dc motor control system using arduino' achievement: 1st place in electrical engineering scientific writing competition","['Engineer Staff', 'Project Engineer', 'Electrical Engineering (Kosmetik & Farmasi)']"
Rina Sutrisna,rina.sutrisna@example.com,6281234567890,"program studi: sistem informasi, tugas akhir: pengembangan sistem informasi manajemen pengadaan barang berbasis web, ipk: 3.80/4.00",-,"dalam pengembangan perangkat lunak, analisis sistem, dan  pengelolaan database. mampu bekerja dalam tim maupun mandiri dengan kemampuan komunikasi yang baik.  terbiasa dengan pengembangan aplikasi berbasis web dan perangkat lunak berbasis desktop.",-,universitas teknologi bandung oktober 2020,Software,summary experience software development systems analysis database management able work team independently good communication skills familiar developing webbased applications desktopbased software skills study program information systems final assignment development webbased procurement management information system gpa 380400 education bandung university technology october 2020 july 2024 bandung technology university bandung study program information systems gpa 380400 final assignment development webbased procurement management information system,summary experience in software development systems analysis and database management able to work in a team or independently with good communication skills familiar with developing webbased applications and desktopbased software skills study program information systems final assignment development of a webbased procurement management information system gpa 380400 education bandung university of technology october 2020 july 2024 bandung technology university bandung study program information systems gpa 380400 final assignment development of a webbased procurement management information system,"summary: experience: in software development, systems analysis, and database management. able to work in a team or independently with good communication skills. familiar with developing web-based applications and desktop-based software. skills: study program: information systems, final assignment: development of a web-based procurement management information system, gpa: 3.80/4.00 education: bandung university of technology october 2020 - july 2024 bandung technology university bandung study program: information systems gpa: 3.80/4.00 final assignment: development of a web-based procurement management information system","['IT Support', 'IT Engineer', 'Data Engineer']"
Hendra Santoso,hendra.santoso@example.com,6281234567890,"kepemimpinan, mengemudi kendaraan berat, pengiriman barang, microsoft office, pengoperasian gps, waze, pemecahan masalah, perawatan kendaraan, google maps, komunikasi efektif, manajemen waktu",-,"5 tahun dalam mengemudikan berbagai jenis kendaraan, termasuk  truk dan bus. memiliki pengetahuan mendalam tentang rute dan aturan lalu lintas, serta mampu menjaga  keselamatan penumpang dan barang selama perjalanan. terbiasa bekerja di bawah tekanan dengan jadwal  ketat dan siap untuk berkontribusi dalam tim.  pengalaman kerja driver truk april 2019 - agustus 2024  pt lorem ipsum transport surabaya  mengemudikan truk dengan muatan berat untuk pengiriman barang antar kota di jawa timur. memastikan  barang tiba dengan aman dan tepat waktu di lokasi tujuan. berhasil mengurangi kerusakan barang selama  pengiriman sebesar 15% melalui teknik mengemudi yang aman dan efisien.  driver bus pariwisata september 2015 - maret 2019  pt dolor sit amet surabaya  mengemudikan bus pariwisata untuk perjalanan antar provinsi. menjaga kenyamanan dan keselamatan  penumpang selama perjalanan. mendapatkan penghargaan 'driver terbaik' dari perusahaan atas kinerja dan  pelayanan yang memuaskan.",-,-,Hospitality,summary experience 5 years driving various types vehicles including trucks buses indepth knowledge routes traffic rules able maintain safety passengers goods journey accustomed working pressure tight schedule ready contribute team truck driver work experience april 2019 august 2024 pt lorem ipsum transport surabaya driving trucks heavy loads intercity goods delivery east java ensure goods arrive safely time destination location managed reduce damage goods delivery 15 safe efficient driving techniques tourist bus driver september 2015 march 2019 pt dolor sit amet surabaya drives tourist bus interprovincial travel maintain passenger comfort safety journey received best driver award company satisfactory performance service skills leadership driving heavy vehicles delivery goods microsoft office gps operation waze problem solving vehicle maintenance google maps effective communication time management education,summary experience 5 years driving various types of vehicles including trucks and buses have indepth knowledge of routes and traffic rules and are able to maintain the safety of passengers and goods during the journey accustomed to working under pressure with a tight schedule and ready to contribute to the team truck driver work experience april 2019 august 2024 pt lorem ipsum transport surabaya driving trucks with heavy loads for intercity goods delivery in east java ensure goods arrive safely and on time at the destination location managed to reduce damage to goods during delivery by 15 through safe and efficient driving techniques tourist bus driver september 2015 march 2019 pt dolor sit amet surabaya drives a tourist bus for interprovincial travel maintain passenger comfort and safety during the journey received the best driver award from the company for satisfactory performance and service skills leadership driving heavy vehicles delivery of goods microsoft office gps operation waze problem solving vehicle maintenance google maps effective communication time management education,"summary: experience: 5 years driving various types of vehicles, including trucks and buses. have in-depth knowledge of routes and traffic rules, and are able to maintain the safety of passengers and goods during the journey. accustomed to working under pressure with a tight schedule and ready to contribute to the team. truck driver work experience april 2019 - august 2024 pt lorem ipsum transport surabaya driving trucks with heavy loads for inter-city goods delivery in east java. ensure goods arrive safely and on time at the destination location. managed to reduce damage to goods during delivery by 15% through safe and efficient driving techniques. tourist bus driver september 2015 - march 2019 pt dolor sit amet surabaya drives a tourist bus for inter-provincial travel. maintain passenger comfort and safety during the journey. received the 'best driver' award from the company for satisfactory performance and service. skills: leadership, driving heavy vehicles, delivery of goods, microsoft office, gps operation, waze, problem solving, vehicle maintenance, google maps, effective communication, time management education:","['Customer Relation Officer', 'Operational Manager', 'Waiter']"
Arief Hidayat,arief.hidayat@example.com,6281234567890,"kerja tim, autocad, perencanaan proyek konstruksi, pengawasan konstruksi, microsoft project, staad pro, revit, pembuatan rencana anggaran biaya (rab), pemecahan masalah, analisis struktur, komunikasi efektif, manajemen waktu",-,"magang di proyek konstruksi.  mampu bekerja dengan tim, memiliki keterampilan teknis dalam perencanaan dan pelaksanaan proyek, serta  terbiasa menggunakan perangkat lunak terkait konstruksi. mencari kesempatan untuk berkembang lebih lanjut  dalam bidang teknik sipil.",S1,universitas pendidikan indonesia bandung ipk,Engineering,summary experience internship construction projects able work team technical skills project planning implementation familiar using constructionrelated software looking opportunities develop field civil engineering skills teamwork autocad construction project planning construction supervision microsoft project staad pro revit creating cost budget plans rab problem solving structural analysis effective communication time management education bachelor civil engineering october 2021 august 2025 indonesian education university bandung gpa 380400 focus planning implementing construction projects well construction management,summary experience internship on construction projects able to work with a team have technical skills in project planning and implementation and are familiar with using constructionrelated software looking for opportunities to develop further in the field of civil engineering skills teamwork autocad construction project planning construction supervision microsoft project staad pro revit creating cost budget plans rab problem solving structural analysis effective communication time management education bachelor of civil engineering october 2021 august 2025 indonesian education university bandung gpa 380400 focus on planning and implementing construction projects as well as construction management,"summary: experience: internship on construction projects. able to work with a team, have technical skills in project planning and implementation, and are familiar with using construction-related software. looking for opportunities to develop further in the field of civil engineering. skills: teamwork, autocad, construction project planning, construction supervision, microsoft project, staad pro, revit, creating cost budget plans (rab), problem solving, structural analysis, effective communication, time management education: bachelor of civil engineering october 2021 - august 2025 indonesian education university bandung gpa: 3.80/4.00 focus on planning and implementing construction projects, as well as construction management.","['Engineer Staff', 'Project Engineer', 'Electrical Engineering (Kosmetik & Farmasi)']"
Rizky Ramadhan,rizky.ramadhan@email.com,62812345678901,"dalam berbagai kegiatan, analisis yang baik, serta aktif","siswa sma jurusan ipa yang aktif dan berprestasi, dengan minat kuat dalam bidang sains dan teknologi. memiliki kemampuan analisis yang baik, serta aktif dalam berbagai kegiatan ekstrakurikuler dan",-,SMA,-,Education,summary active accomplished high school student majoring science strong interest science technology good analytical skills active various extracurricular activities experience skills various activities good analysis active education sma negeri 1 jakarta august 2021 july 2024 jakarta science department studies various science subjects mathematics physics chemistry biology emphasis developing critical analytical thinking skills,summary active and accomplished high school student majoring in science with a strong interest in science and technology have good analytical skills and are active in various extracurricular activities and experience skills in various activities good analysis and active education sma negeri 1 jakarta august 2021 july 2024 jakarta science department studies various science subjects such as mathematics physics chemistry and biology with an emphasis on developing critical and analytical thinking skills,"summary: active and accomplished high school student majoring in science, with a strong interest in science and technology. have good analytical skills, and are active in various extracurricular activities and experience: skills: in various activities, good analysis, and active education: sma negeri 1 jakarta august 2021 - july 2024 jakarta science department studies various science subjects such as mathematics, physics, chemistry and biology with an emphasis on developing critical and analytical thinking skills.","['Teacher / Teaching Assistant / Admin', 'Guru Matematika SMA', 'Admissions and Community Engagement Officer']"
Rudi Haryanto,rudi.haryanto@naevawebmail.com,6281234567890,baik.,-,"dalam merancang dan mengelola  jaringan komputer, instalasi perangkat keras, serta konfigurasi perangkat lunak untuk mendukung operasional  ti di perusahaan. mampu bekerja secara tim dan mandiri, serta memiliki kemampuan problem-solving yang  baik.",-,-,Software,summary experience designing managing computer networks hardware installation software configuration support operations companies able work team independently good problemsolving skills skills good education smk negeri 2 bekasi august 2021 july 2024 smk negeri 2 bekasi bekasi department computer network engineering average score 85100 achievement 1st place west java provincial computer networks competition 2023,summary experience in designing and managing computer networks hardware installation and software configuration to support it operations in companies able to work in a team and independently and has good problemsolving skills skills good education smk negeri 2 bekasi august 2021 july 2024 smk negeri 2 bekasi bekasi department computer and network engineering average score 85100 achievement 1st place in west java provincial computer networks competition 2023,"summary: experience: in designing and managing computer networks, hardware installation, and software configuration to support it operations in companies. able to work in a team and independently, and has good problem-solving skills. skills: good. education: smk negeri 2 bekasi august 2021 - july 2024 smk negeri 2 bekasi bekasi department: computer and network engineering average score: 85/100 achievement: 1st place in west java provincial computer networks competition (2023)","['IT Support', 'IT Engineer', 'Data Engineer']"
Rizky Wijaya,rizky.wijaya@email.com,62812345678900,bidang hukum serta memberikan,"lulusan s1 hukum dengan minat dalam bidang hukum perdata dan bisnis. memiliki pengalaman magang di firma hukum ternama dan terlibat dalam beberapa proyek hukum yang melibatkan penanganan dokumen hukum, penelitian, serta analisis kasus. berkomitmen untuk terus mengembangkan","magang di firma hukum ternama  dan terlibat dalam beberapa  proyek hukum yang melibatkan  penanganan dokumen hukum,  penelitian, serta analisis kasus.  berkomitmen untuk terus  mengembangkan",S1,universitas airlangga surabaya konsentrasi,Data,summary bachelors degree law interest civil business law internship experience wellknown law firm involved several legal projects involving handling legal documents research case analysis committed continuing develop experience interned wellknown law firm involved several legal projects involving handling legal documents research case analysis committed continuing develop skills legal field providing education bachelor laws sh october 2019 july 2023 universitas airlangga surabaya concentration civil law gpa 385400 thesis analysis legal protection consumers consumer financing agreements,summary bachelors degree in law with an interest in civil and business law has internship experience at a wellknown law firm and was involved in several legal projects involving handling legal documents research and case analysis committed to continuing to develop experience interned at a wellknown law firm and was involved in several legal projects involving handling legal documents research and case analysis committed to continuing to develop skills legal field and providing education bachelor of laws sh october 2019 july 2023 universitas airlangga surabaya concentration civil law gpa 385400 thesis analysis of legal protection for consumers in consumer financing agreements,"summary: bachelor's degree in law with an interest in civil and business law. has internship experience at a well-known law firm and was involved in several legal projects involving handling legal documents, research and case analysis. committed to continuing to develop experience: interned at a well-known law firm and was involved in several legal projects involving handling legal documents, research and case analysis. committed to continuing to develop skills: legal field and providing education: bachelor of laws (s.h) october 2019 - july 2023 universitas airlangga surabaya concentration: civil law gpa: 3.85/4.00 thesis: analysis of legal protection for consumers in consumer financing agreements","['Data Analyst for Production Staff (CODE : PROD DA)', 'Data Scientist', 'Jr. Specialist Data Stewards']"
Rudi Setiawan,rudi.setiawan@example.com,6281234567890,"kedisiplinan, kebersihan dan sanitasi, microsoft office, persiapan bahan masakan, teknik dasar memasak, kerja sama tim, dapur, manajemen waktu",-,"magang di dapur  restoran serta keterampilan dalam  mempersiapkan bahan makanan,  menjaga kebersihan dapur, dan  membantu koki dalam proses  memasak. teliti, rajin, dan siap  bekerja dalam tim untuk  mendukung operasional dapur  secara efisien.",SMA,-,Hospitality,summary experience internship restaurant kitchen well skills preparing food ingredients maintaining kitchen cleanliness assisting chef cooking process thorough diligent ready work team support kitchen operations efficiently skills discipline cleanliness sanitation microsoft office preparation cooking ingredients basic cooking techniques teamwork kitchen time management education sma negeri 2 tangerang august 2020 july 2023 sma negeri 2 tangerang tangerang department science average score 82100,summary experience internship in a restaurant kitchen as well as skills in preparing food ingredients maintaining kitchen cleanliness and assisting the chef in the cooking process thorough diligent and ready to work in a team to support kitchen operations efficiently skills discipline cleanliness and sanitation microsoft office preparation of cooking ingredients basic cooking techniques teamwork kitchen time management education sma negeri 2 tangerang august 2020 july 2023 sma negeri 2 tangerang tangerang department science average score 82100,"summary: experience: internship in a restaurant kitchen as well as skills in preparing food ingredients, maintaining kitchen cleanliness, and assisting the chef in the cooking process. thorough, diligent, and ready to work in a team to support kitchen operations efficiently. skills: discipline, cleanliness and sanitation, microsoft office, preparation of cooking ingredients, basic cooking techniques, teamwork, kitchen, time management education: sma negeri 2 tangerang august 2020 - july 2023 sma negeri 2 tangerang tangerang department: science average score: 82/100","['Customer Relation Officer', 'Operational Manager', 'Waiter']"
Rina Nugraha,rina.nugraha@example.com,6281234567890,"microsoft excel, kerja tim, analisis data keuangan, penyusunan laporan, ketelitian, myob, keuangan, komunikasi efektif, manajemen waktu, perpajakan, accurate, pembukuan",lulusan smk akuntansi dengan kemampuan analisis keuangan yang baik serta pengalaman dalam,dalam,-,-,Data,summary accounting vocational school graduate good financial analysis skills experience experience skills microsoft excel team work financial data analysis report preparation accuracy myob finance effective communication time management taxation accurate bookkeeping education smk negeri 2 bekasi august 2021 july 2024 smk negeri 2 bekasi bekasi department accounting average score 88100 achievement 1st place city level accounting competition bekasi 2023,summary accounting vocational school graduate with good financial analysis skills and experience in experience in skills microsoft excel team work financial data analysis report preparation accuracy myob finance effective communication time management taxation accurate bookkeeping education smk negeri 2 bekasi august 2021 july 2024 smk negeri 2 bekasi bekasi department accounting average score 88100 achievement 1st place in city level accounting competition bekasi 2023,"summary: accounting vocational school graduate with good financial analysis skills and experience in experience: in skills: microsoft excel, team work, financial data analysis, report preparation, accuracy, myob, finance, effective communication, time management, taxation, accurate, bookkeeping education: smk negeri 2 bekasi august 2021 - july 2024 smk negeri 2 bekasi bekasi department: accounting average score: 88/100 achievement: 1st place in city level accounting competition bekasi (2023)","['Data Analyst for Production Staff (CODE : PROD DA)', 'Data Scientist', 'Jr. Specialist Data Stewards']"
Sari Putri,sari.putri@example.com,6281234567890,"social media management, seo writing, content creation, copywriting, kreativitas, kolaborasi, hootsuite, canva, adobe photoshop, komunikasi efektif, google analytics, manajemen waktu, fotografi, videografi",-,"dengan kemampuan  menghasilkan konten kreatif dan  menarik untuk berbagai platform  digital. berpengalaman dalam  strategi pemasaran konten,  copywriting, dan manajemen  media sosial. mampu bekerja  dengan deadline ketat dan  memiliki keterampilan kolaborasi  tim yang baik.",S1,universitas indonesia jakarta konsentrasi,Marketing,summary experience ability produce creative interesting content various digital platforms experienced content marketing strategy copywriting social media management able work tight deadlines good team collaboration skills skills social media management seo writing content creation copywriting creativity collaboration hootsuite canva adobe photoshop effective communication google analytics time management photography videography education bachelor communication september 2018 july 2022 university indonesia jakarta concentration marketing communication gpa 375400 achievement outstanding student faculty social political sciences 2021,summary experience with the ability to produce creative and interesting content for various digital platforms experienced in content marketing strategy copywriting and social media management able to work with tight deadlines and have good team collaboration skills skills social media management seo writing content creation copywriting creativity collaboration hootsuite canva adobe photoshop effective communication google analytics time management photography videography education bachelor of communication september 2018 july 2022 university of indonesia jakarta concentration marketing communication gpa 375400 achievement outstanding student faculty of social and political sciences 2021,"summary: experience: with the ability to produce creative and interesting content for various digital platforms. experienced in content marketing strategy, copywriting, and social media management. able to work with tight deadlines and have good team collaboration skills. skills: social media management, seo writing, content creation, copywriting, creativity, collaboration, hootsuite, canva, adobe photoshop, effective communication, google analytics, time management, photography, videography education: bachelor of communication september 2018 - july 2022 university of indonesia jakarta concentration: marketing communication gpa: 3.75/4.00 achievement: outstanding student, faculty of social and political sciences (2021)","['Marketing Manager', 'Marketing', 'E-Commerce Spesialist']"
Dina Pratiwi,dina.pratiwi@loremipsum.com,6281234567890,"hris (human resource information system), referensi, membaca buku bisnis, pengembangan sdm, negosiasi, analisis data hr, yang efektif dan efisien., rekrutmen karyawan, jakarta selatan 12120, ipk: 3.85/4.00, soft skills:, google workspace, microsoft office, linkedin.com/in/dina-pratiwi | www.dinapratiwi.com, komunikasi efektif, kepemimpinan, dina.pratiwi@loremipsum.com | +6281234567890, jurusan: manajemen sumber daya manusia, riwayat organisasi, indonesia (2024), keahlian, penghargaan, agus setiawan, pt ipsum lorem, dina pratiwi, kerja tim, software skills:, bahasa, hard skills:, himpunan mahasiswa manajemen jakarta, pt ipsum lorem jakarta, manajemen kinerja, hobi, +6281234567891 | agus.setiawan@loremipsum.com",-,"magang di hr department juli 2023 - september 2023  pt ipsum lorem jakarta  membantu proses rekrutmen karyawan, mengelola database pelamar, dan mendukung pengembangan  program pelatihan. berhasil mempercepat proses perekrutan karyawan baru sebanyak 15%.  riwayat",-,universitas lorem ipsum september 2020,HR,summary experience internship hr department july 2023 september 2023 pt ipsum lorem jakarta assisting employee recruitment process managing applicant database supporting development training programs succeeded speeding process recruiting new employees 15 skills history hris human resource information system references reading business books human resource development negotiation hr data analysis effective efficient employee recruitment south jakarta 12120 gpa 385400 soft skills google workspace microsoft office linkedincomindinapratiwi wwwdinapratiwicom effective communication leadership dinapratiwiloremipsumcom 6281234567890 major human resource management organizational history indonesia 2024 skills awards agus setiawan pt ipsum lorem dina pratiwi team work software skills language hard skills jakarta management student association pt ipsum lorem jakarta performance management hobby 6281234567891 agussetiawanloremipsumcom education lorem ipsum university september 2020 august 2024 lorem ipsum university jakarta major human resource management gpa 385400 thesis competencybased recruitment strategies digital era,summary experience internship at hr department july 2023 september 2023 pt ipsum lorem jakarta assisting with the employee recruitment process managing the applicant database and supporting the development of training programs succeeded in speeding up the process of recruiting new employees by 15 skills history hris human resource information system references reading business books human resource development negotiation hr data analysis effective and efficient employee recruitment south jakarta 12120 gpa 385400 soft skills google workspace microsoft office linkedincomindinapratiwi wwwdinapratiwicom effective communication leadership dinapratiwiloremipsumcom 6281234567890 major human resource management organizational history indonesia 2024 skills awards agus setiawan pt ipsum lorem dina pratiwi team work software skills language hard skills jakarta management student association pt ipsum lorem jakarta performance management hobby 6281234567891 agussetiawanloremipsumcom education lorem ipsum university september 2020 august 2024 lorem ipsum university jakarta major human resource management gpa 385400 thesis competencybased recruitment strategies in the digital era,"summary: experience: internship at hr department july 2023 - september 2023 pt ipsum lorem jakarta assisting with the employee recruitment process, managing the applicant database, and supporting the development of training programs. succeeded in speeding up the process of recruiting new employees by 15%. skills history: hris (human resource information system), references, reading business books, human resource development, negotiation, hr data analysis, effective and efficient., employee recruitment, south jakarta 12120, gpa: 3.85/4.00, soft skills:, google workspace, microsoft office, linkedin.com/in/dina-pratiwi | www.dinapratiwi.com, effective communication, leadership, dina.pratiwi@loremipsum.com | +6281234567890, major: human resource management, organizational history, indonesia (2024), skills, awards, agus setiawan, pt ipsum lorem, dina pratiwi, team work, software skills:, language, hard skills:, jakarta management student association, pt ipsum lorem jakarta, performance management, hobby, +6281234567891 | agus.setiawan@loremipsum.com education: lorem ipsum university september 2020 - august 2024 lorem ipsum university jakarta major: human resource management gpa: 3.85/4.00 thesis: competency-based recruitment strategies in the digital era","['HR Generalist', 'Talent Acquisition Specialist', 'Human Resource Officer']"
Dewi Putri,dewi.putri@email.com,62812345678900,"asisten apoteker magang februari 2023 - april 2023, proyek, smk negeri 2 surabaya surabaya, suhu dan cahaya terhadap efektivitas obat., sertifikasi, pengelolaan obat, komunikasi dengan pasien, ketelitiannkerjasama tim, magang, sterilisasi alat medis, pengaturan penyimpanan obat sesuai standar., lsp farmasi indonesia (2023), pelayanan resep, apotek sehat sentosa surabaya, pengukuran dosis obat",-,"magang sebagai asisten apoteker. memiliki  pengetahuan dalam pengelolaan obat, pelayanan resep, dan konsultasi pasien. berorientasi pada ketelitian  dan pelayanan pasien, serta mampu bekerja dengan baik dalam tim.",-,-,Healthcare,summary experience internship pharmacist assistant knowledge medication management prescription services patient consultation oriented accuracy patient service able work well team skills internship pharmacist assistant february 2023 april 2023 project smk negeri 2 surabaya surabaya temperature light drug effectiveness certification drug management communication patients thorough teamwork internship sterilization medical equipment drug storage arrangements according standards lsp indonesian pharmacy 2023 prescription services healthy pharmacy sentosa surabaya measuring drug doses education smk negeri 2 surabaya august 2020 july 2023 surabaya pharmacists master basics pharmacy including pharmacology drug management prescription service techniques,summary experience internship as a pharmacist assistant have knowledge in medication management prescription services and patient consultation oriented to accuracy and patient service and able to work well in a team skills internship pharmacist assistant february 2023 april 2023 project smk negeri 2 surabaya surabaya temperature and light on drug effectiveness certification drug management communication with patients thorough teamwork internship sterilization of medical equipment drug storage arrangements according to standards lsp indonesian pharmacy 2023 prescription services healthy pharmacy sentosa surabaya measuring drug doses education smk negeri 2 surabaya august 2020 july 2023 surabaya pharmacists master the basics of pharmacy including pharmacology drug management and prescription service techniques,"summary: experience: internship as a pharmacist assistant. have knowledge in medication management, prescription services, and patient consultation. oriented to accuracy and patient service, and able to work well in a team. skills: internship pharmacist assistant february 2023 - april 2023, project, smk negeri 2 surabaya surabaya, temperature and light on drug effectiveness, certification, drug management, communication with patients, thorough teamwork, internship, sterilization of medical equipment, drug storage arrangements according to standards., lsp indonesian pharmacy (2023), prescription services, healthy pharmacy sentosa surabaya, measuring drug doses education: smk negeri 2 surabaya august 2020 - july 2023 surabaya pharmacists master the basics of pharmacy, including pharmacology, drug management, and prescription service techniques.","['Perawat', 'Nurse', 'Medical Representative']"
Rina Suryani,rina.suryani@example.com,6281234567890,"google workspace, penanganan estetika gigi, kerja tim, microsoft office, komunikasi dengan pasien, perawatan konservasi gigi, pemecahan masalah, konsultasi kesehatan gigi, perawatan ortodonti, manajemen waktu, dentalpro software",-,"dalam penanganan pasien di bidang kesehatan gigi dan  mulut. memiliki pengetahuan medis yang kuat, kemampuan komunikasi yang baik, dan sangat memperhatikan  detail dalam memberikan perawatan kepada pasien. siap untuk berkontribusi dan berkembang lebih lanjut di  bidang kesehatan gigi.",S1,universitas indonesia jakarta gelar,Healthcare,summary experience treating patients field dental oral health strong medical knowledge good communication skills great attention detail providing care patients ready contribute develop field dental health skills google workspace dental aesthetic management team work microsoft office communication patients dental conservation treatment problem solving dental health consultation orthodontic treatment time management dentalpro software education bachelor dentistry september 2019 july 2024 university indonesia jakarta degree dentist drg gpa 375400 final project comparison effectiveness orthodontic treatment adolescents young adults,summary experience in treating patients in the field of dental and oral health has strong medical knowledge good communication skills and great attention to detail in providing care to patients ready to contribute and develop further in the field of dental health skills google workspace dental aesthetic management team work microsoft office communication with patients dental conservation treatment problem solving dental health consultation orthodontic treatment time management dentalpro software education bachelor of dentistry september 2019 july 2024 university of indonesia jakarta degree dentist drg gpa 375400 final project comparison of the effectiveness of orthodontic treatment in adolescents and young adults,"summary: experience: in treating patients in the field of dental and oral health. has strong medical knowledge, good communication skills, and great attention to detail in providing care to patients. ready to contribute and develop further in the field of dental health. skills: google workspace, dental aesthetic management, team work, microsoft office, communication with patients, dental conservation treatment, problem solving, dental health consultation, orthodontic treatment, time management, dentalpro software education: bachelor of dentistry september 2019 - july 2024 university of indonesia jakarta degree: dentist (drg) gpa: 3.75/4.00 final project: 'comparison of the effectiveness of orthodontic treatment in adolescents and young adults'","['Perawat', 'Nurse', 'Medical Representative']"
Aldi Saputra,aldi.saputra@example.com,6281234567890,"kerja tim, menggunakan mesin, meracik kopi, layanan pelanggan, espresso, pos system, komunikasi efektif, manajemen stok",barista berpengalaman dengan kemampuan dalam meracik berbagai jenis kopi serta memahami selera pelanggan. mampu bekerja dengan cepat dan efisien dalam lingkungan yang sibuk. memiliki kemampuan komunikasi yang baik serta mampu menjaga hubungan baik dengan pelanggan untuk menciptakan pengalaman yang menyenangkan.,dengan kemampuan dalam meracik berbagai  jenis kopi serta memahami selera pelanggan. mampu bekerja dengan  cepat dan efisien dalam lingkungan yang sibuk. memiliki kemampuan  komunikasi yang baik serta mampu menjaga hubungan baik dengan  pelanggan untuk menciptakan pengalaman yang menyenangkan.,SMA,-,Customer Service,summary experienced barista ability mix various types coffee understand customer tastes able work quickly efficiently busy environment good communication skills able maintain good relationships customers create pleasant experience experience ability mix various types coffee understand customer tastes able work quickly efficiently busy environment good communication skills able maintain good relationships customers create pleasant experience skills team work using machines brewing coffee customer service espresso pos system effective communication stock management education sma negeri 3 jakarta august 2018 july 2021 sma negeri 3 jakarta jakarta department social sciences average score 85100,summary experienced barista with the ability to mix various types of coffee and understand customer tastes able to work quickly and efficiently in a busy environment have good communication skills and be able to maintain good relationships with customers to create a pleasant experience experience with the ability to mix various types of coffee and understand customer tastes able to work quickly and efficiently in a busy environment have good communication skills and be able to maintain good relationships with customers to create a pleasant experience skills team work using machines brewing coffee customer service espresso pos system effective communication stock management education sma negeri 3 jakarta august 2018 july 2021 sma negeri 3 jakarta jakarta department social sciences average score 85100,"summary: experienced barista with the ability to mix various types of coffee and understand customer tastes. able to work quickly and efficiently in a busy environment. have good communication skills and be able to maintain good relationships with customers to create a pleasant experience. experience: with the ability to mix various types of coffee and understand customer tastes. able to work quickly and efficiently in a busy environment. have good communication skills and be able to maintain good relationships with customers to create a pleasant experience. skills: team work, using machines, brewing coffee, customer service, espresso, pos system, effective communication, stock management education: sma negeri 3 jakarta august 2018 - july 2021 sma negeri 3 jakarta jakarta department: social sciences average score: 85/100","['Customer Service', 'Customer Success Officer', 'Customer Relationship Officer']"
Dian Sari,dian.sari@example.com,6281234567890,"zendesk, google workspace, kerja tim, kesabaran, salesforce, berpikir kritis, microsoft office, penyusunan laporan, komunikasi efektif, manajemen pelanggan, penyelesaian konflik",-,"lebih dari 3 tahun dalam menangani pelanggan di sektor ritel dan  e-commerce. terampil dalam memberikan solusi yang cepat dan efektif, mampu bekerja di bawah tekanan,  serta memiliki kemampuan komunikasi yang sangat baik. berkomitmen untuk memberikan pengalaman  pelanggan terbaik dan selalu berorientasi pada kepuasan pelanggan.  pengalaman kerja customer service representative april 2021 - september 2024  pt lorem ipsum jakarta  menangani pertanyaan dan keluhan pelanggan melalui telepon, email, dan chat online dengan tingkat  kepuasan pelanggan mencapai 95%. berhasil menyelesaikan masalah pelanggan dengan cepat dan efisien,  serta memberikan informasi terkait produk dan layanan perusahaan secara akurat.  customer service officer oktober 2018 - maret 2021  pt ipsum dolor tangerang  bertanggung jawab untuk menangani transaksi pelanggan di pusat layanan dan memastikan pelanggan  mendapatkan solusi yang tepat untuk masalah yang mereka hadapi. meningkatkan loyalitas pelanggan  melalui pelayanan ramah dan responsif, serta berkontribusi dalam pengembangan prosedur layanan untuk  meningkatkan efisiensi operasional.",S1,universitas lorem ipsum jakarta lulus dengan ipk 3,Customer Service,summary experience 3 years handling customers retail ecommerce sectors skilled providing fast effective solutions able work pressure excellent communication skills committed providing best customer experience always oriented towards customer satisfaction customer service representative work experience april 2021 september 2024 pt lorem ipsum jakarta handling customer questions complaints via telephone email online chat customer satisfaction level reaching 95 succeeded resolving customer problems quickly efficiently well providing information related company products services accurately customer service officer october 2018 march 2021 pt ipsum dolor tangerang responsible handling customer transactions service center ensuring customers get right solution problems face increasing customer loyalty friendly responsive service well contributing development service procedures increase operational efficiency skills zendesk google workspace teamwork patience salesforce critical thinking microsoft office report preparation effective communication customer management conflict resolution education bachelor management september 2014 august 2018 lorem ipsum university jakarta graduated gpa 365400 focus human resource management customer service,summary experience more than 3 years in handling customers in the retail and ecommerce sectors skilled in providing fast and effective solutions able to work under pressure and have excellent communication skills committed to providing the best customer experience and always oriented towards customer satisfaction customer service representative work experience april 2021 september 2024 pt lorem ipsum jakarta handling customer questions and complaints via telephone email and online chat with a customer satisfaction level reaching 95 succeeded in resolving customer problems quickly and efficiently as well as providing information related to company products and services accurately customer service officer october 2018 march 2021 pt ipsum dolor tangerang is responsible for handling customer transactions at the service center and ensuring customers get the right solution for the problems they face increasing customer loyalty through friendly and responsive service as well as contributing to the development of service procedures to increase operational efficiency skills zendesk google workspace teamwork patience salesforce critical thinking microsoft office report preparation effective communication customer management conflict resolution education bachelor of management september 2014 august 2018 lorem ipsum university jakarta graduated with gpa 365400 focus on human resource management and customer service,"summary: experience: more than 3 years in handling customers in the retail and e-commerce sectors. skilled in providing fast and effective solutions, able to work under pressure, and have excellent communication skills. committed to providing the best customer experience and always oriented towards customer satisfaction. customer service representative work experience april 2021 - september 2024 pt lorem ipsum jakarta handling customer questions and complaints via telephone, email and online chat with a customer satisfaction level reaching 95%. succeeded in resolving customer problems quickly and efficiently, as well as providing information related to company products and services accurately. customer service officer october 2018 - march 2021 pt ipsum dolor tangerang is responsible for handling customer transactions at the service center and ensuring customers get the right solution for the problems they face. increasing customer loyalty through friendly and responsive service, as well as contributing to the development of service procedures to increase operational efficiency. skills: zendesk, google workspace, teamwork, patience, salesforce, critical thinking, microsoft office, report preparation, effective communication, customer management, conflict resolution education: bachelor of management september 2014 - august 2018 lorem ipsum university jakarta graduated with gpa 3.65/4.00. focus on human resource management and customer service.","['Customer Service', 'Customer Success Officer', 'Customer Relationship Officer']"
Siti Nuraini,siti.nuraini@email.com,62812345678911,"sertifikasi, persalinan normal, komunikasi interpersonal, kerjasama tim, penyuluhan kesehatan ibu dan anak, magang bidan oktober 2019 - sekarang, puskesmas sejahtera surabaya, pemecahan masalah, rs ibu dan anak melati malang, proyek, kementerian kesehatan republik indonesia (2020), konseling laktasi, asuhan kebidanan, perawatan pasca melahirkan, manajemen stres, perawatan diri, serta persiapan menghadapi persalinan., penyuluhan kesehatan ibu hamil juli 2022 - september 2022, pelayanan perawatan pasca melahirkan., empati dan kesabaran, magang",-,"lebih dari 3 tahun dalam pelayanan kesehatan ibu dan anak. terampil  dalam mendampingi proses persalinan, memberikan penyuluhan kesehatan, dan perawatan pasca  melahirkan. berkomitmen untuk memberikan layanan yang aman, nyaman, dan mendukung kesejahteraan ibu  dan bayi.  pengalaman kerja bidan maret 2021 - januari 0  puskesmas sejahtera surabaya  memberikan pelayanan kesehatan ibu hamil, proses persalinan, dan perawatan pasca melahirkan.  bertanggung jawab atas edukasi ibu mengenai perawatan bayi baru lahir, serta mendukung pemberian asi  eksklusif.",D3,-,Hospitality,summary experience 3 years maternal child health services skilled assisting birthing process providing health education postnatal care committed providing services safe comfortable support welfare mothers babies midwife work experience march 2021 january 0 surabaya prosperous health center provides health services pregnant women birth process postnatal care responsible educating mothers regarding newborn care well supporting exclusive breastfeeding skills certification normal delivery interpersonal communication teamwork maternal child health education midwife internship october 2019 present prosperous health center surabaya problem solving melati malang maternal child hospital project ministry health republic indonesia 2020 lactation counseling midwifery care postnatal care stress management selfcare preparation childbirth pregnant womens health education july 2022 september 2022 postnatal care services empathy patience internship education bunga sejahtera midwifery academy september 2017 august 2020 diploma iii midwifery surabaya graduated honors studying aspects midwifery theory practice including midwifery care birth process mother baby care,summary experience more than 3 years in maternal and child health services skilled in assisting the birthing process providing health education and postnatal care committed to providing services that are safe comfortable and support the welfare of mothers and babies midwife work experience march 2021 january 0 surabaya prosperous health center provides health services for pregnant women the birth process and postnatal care responsible for educating mothers regarding newborn care as well as supporting exclusive breastfeeding skills certification normal delivery interpersonal communication teamwork maternal and child health education midwife internship october 2019 present prosperous health center surabaya problem solving melati malang maternal and child hospital project ministry of health of the republic of indonesia 2020 lactation counseling midwifery care postnatal care stress management selfcare and preparation for childbirth pregnant womens health education july 2022 september 2022 postnatal care services empathy and patience internship education bunga sejahtera midwifery academy september 2017 august 2020 diploma iii midwifery surabaya graduated with honors studying all aspects of midwifery theory and practice including midwifery care the birth process and mother and baby care,"summary: experience: more than 3 years in maternal and child health services. skilled in assisting the birthing process, providing health education, and postnatal care. committed to providing services that are safe, comfortable, and support the welfare of mothers and babies. midwife work experience march 2021 - january 0 surabaya prosperous health center provides health services for pregnant women, the birth process and post-natal care. responsible for educating mothers regarding newborn care, as well as supporting exclusive breastfeeding. skills: certification, normal delivery, interpersonal communication, teamwork, maternal and child health education, midwife internship october 2019 - present, prosperous health center surabaya, problem solving, melati malang maternal and child hospital, project, ministry of health of the republic of indonesia (2020), lactation counseling, midwifery care, postnatal care, stress management, self-care, and preparation for childbirth., pregnant women's health education july 2022 - september 2022, postnatal care services, empathy and patience, internship education: bunga sejahtera midwifery academy september 2017 - august 2020 diploma iii midwifery surabaya graduated with honors, studying all aspects of midwifery theory and practice, including midwifery care, the birth process, and mother and baby care.","['Customer Relation Officer', 'Operational Manager', 'Waiter']"
Rahma Putri,rahma.putri@example.com,6281234567890,"jakarta 10110 ringkasan, problem solving, referensi, www.rahmaputri.com, trello, +6281234567890, canva, himpunan mahasiswa ilmu, google analytics, ipk: 3.75/4.00, fotografi, soft skills:, pt lorem ipsum jakarta, berbagai tools digital marketing., rahma putri, konsentrasi: komunikasi pemasaran, adobe photoshop, komunikasi efektif, google ads, kreativitas, hootsuite, riwayat organisasi, seo, analisis data, komunikasi jakarta, penghargaan, +6281234567891 | budi.santoso@loremipsum.com, pt ipsum dolor jakarta, rahma.putri@example.com, linkedin.com/in/rahma-putri, kerja tim, software skills:, bahasa, facebook ads, hard skills:, budi santoso, pt lorem ipsum, sem","digital marketing specialist dengan 3 tahun pengalaman dalam mengelola kampanye digital, optimasi seo, serta pengelolaan media sosial. berpengalaman dalam meningkatkan brand awareness dan konversi melalui strategi pemasaran online yang efektif. memiliki kemampuan analitis yang kuat dan","dalam  mengelola kampanye digital, optimasi seo, serta pengelolaan media  sosial. berpengalaman dalam meningkatkan brand awareness dan  konversi melalui strategi pemasaran online yang efektif. memiliki  kemampuan analitis yang kuat dan",S1,universitas indonesia jakarta konsentrasi,Marketing,summary digital marketing specialist 3 years experience managing digital campaigns seo optimization social media management experienced increasing brand awareness conversions effective online marketing strategies strong analytical skills experience managing digital campaigns seo optimization social media management experienced increasing brand awareness conversions effective online marketing strategies strong analytical skills skills jakarta 10110 summary problem solving references wwwrahmaputricom trello 6281234567890 canva science student association google analytics gpa 375400 photography soft skills pt lorem ipsum jakarta various digital marketing tools rahma putri concentration marketing communications adobe photoshop effective communication google ads creativity hootsuite organizational history seo data analysis jakarta communication awards 6281234567891 budisantosoloremipsumcom pt ipsum dolor jakarta rahmaputriexamplecom linkedincominrahmaputri teamwork software skills language facebook ads hard skills budi santoso pt lorem ipsum sem education bachelor science communication october 2016 july 2020 university indonesia jakarta concentration marketing communications gpa 375400,summary digital marketing specialist with 3 years of experience in managing digital campaigns seo optimization and social media management experienced in increasing brand awareness and conversions through effective online marketing strategies have strong analytical skills and experience in managing digital campaigns seo optimization and social media management experienced in increasing brand awareness and conversions through effective online marketing strategies have strong analytical skills and skills jakarta 10110 summary problem solving references wwwrahmaputricom trello 6281234567890 canva science student association google analytics gpa 375400 photography soft skills pt lorem ipsum jakarta various digital marketing tools rahma putri concentration marketing communications adobe photoshop effective communication google ads creativity hootsuite organizational history seo data analysis jakarta communication awards 6281234567891 budisantosoloremipsumcom pt ipsum dolor jakarta rahmaputriexamplecom linkedincominrahmaputri teamwork software skills language facebook ads hard skills budi santoso pt lorem ipsum sem education bachelor of science communication october 2016 july 2020 university of indonesia jakarta concentration marketing communications gpa 375400,"summary: digital marketing specialist with 3 years of experience in managing digital campaigns, seo optimization, and social media management. experienced in increasing brand awareness and conversions through effective online marketing strategies. have strong analytical skills and experience: in managing digital campaigns, seo optimization, and social media management. experienced in increasing brand awareness and conversions through effective online marketing strategies. have strong analytical skills and skills: jakarta 10110 summary, problem solving, references, www.rahmaputri.com, trello, +6281234567890, canva, science student association, google analytics, gpa: 3.75/4.00, photography, soft skills:, pt lorem ipsum jakarta, various digital marketing tools., rahma putri, concentration: marketing communications, adobe photoshop, effective communication, google ads, creativity, hootsuite, organizational history, seo, data analysis, jakarta communication, awards, +6281234567891 | budi.santoso@loremipsum.com, pt ipsum dolor jakarta, rahma.putri@example.com, linkedin.com/in/rahma-putri, teamwork, software skills:, language, facebook ads, hard skills:, budi santoso, pt lorem ipsum, sem education: bachelor of science communication october 2016 - july 2020 university of indonesia jakarta concentration: marketing communications gpa: 3.75/4.00","['Marketing Manager', 'Marketing', 'E-Commerce Spesialist']"
Anisa Rahmawati,anisa.rahmawati@example.com,6289876543210,"kepemimpinan, google workspace, anggota hingga 30%., mengajar dasar-dasar pemrograman untuk anak-anak di sekolah, microsoft office, pelatihan coding untuk mahasiswa. berhasil meningkatkan partisipasi, manajemen proyek, analisis data, figma, pemrograman (python,, komunikasi efektif, komunitas coding untuk semua yogyakarta, web, relawan februari 2023 - juli 2023, pengembangan aplikasi, javascript, sql)",mahasiswi yang berdedikasi dengan prestasi akademik yang konsisten dan aktif dalam kegiatan,asisten peneliti juli 2023 - oktober 2023  pusat inovasi digital universitas  gadjah mada yogyakarta  membantu dalam pengembangan aplikasi berbasis web untuk sistem  manajemen akademik. berkontribusi dalam penyusunan laporan  penelitian yang dipresentasikan pada konferensi internasional.  riwayat,-,universitas gadjah mada september 2021,Education,summary dedicated student consistent academic achievements active activities experience research assistant july 2023 october 2023 gadjah mada university yogyakarta digital innovation center assists developing webbased applications academic management systems contributed preparation research reports presented international conferences skills history leadership google workspace members 30 teaching programming basics children school microsoft office coding training college students succeeded increasing participation project management data analysis figma programming python effective communication coding community yogyakarta web volunteers february 2023 july 2023 application development javascript sql education gadjah mada university september 2021 august 2025 gadjah mada university yogyakarta department information engineering ipk 390400 achievement 1st place national hackathon 2023,summary dedicated student with consistent academic achievements and active in activities experience research assistant july 2023 october 2023 gadjah mada university yogyakarta digital innovation center assists in developing webbased applications for academic management systems contributed to the preparation of research reports presented at international conferences skills history leadership google workspace members up to 30 teaching programming basics to children at school microsoft office coding training for college students succeeded in increasing participation project management data analysis figma programming python effective communication coding community for all yogyakarta web volunteers february 2023 july 2023 application development javascript sql education gadjah mada university september 2021 august 2025 gadjah mada university yogyakarta department information engineering ipk 390400 achievement 1st place in national hackathon 2023,"summary: dedicated student with consistent academic achievements and active in activities experience: research assistant july 2023 - october 2023 gadjah mada university yogyakarta digital innovation center assists in developing web-based applications for academic management systems. contributed to the preparation of research reports presented at international conferences. skills history: leadership, google workspace, members up to 30%., teaching programming basics to children at school, microsoft office, coding training for college students. succeeded in increasing participation, project management, data analysis, figma, programming (python, effective communication, coding community for all yogyakarta, web, volunteers february 2023 - july 2023, application development, javascript, sql) education: gadjah mada university september 2021 - august 2025 gadjah mada university yogyakarta department: information engineering ipk: 3.90/4.00 achievement: 1st place in national hackathon (2023)","['Teacher / Teaching Assistant / Admin', 'Guru Matematika SMA', 'Admissions and Community Engagement Officer']"
Rina Wahyuni,rina.wahyuni@email.com,62812345678901,"pengelolaan dokumen, pengarsipan, microsoft office, penjadwalan, kerjasama tim, komunikasi efektif, manajemen waktu",-,-,SMA,-,Admin,summary experience skills document management archiving microsoft office scheduling teamwork effective communication time management education sma negeri 1 surabaya august 2019 july 2022 surabaya social sciences gain indepth understanding social sciences economics management active activities,summary experience skills document management archiving microsoft office scheduling teamwork effective communication time management education sma negeri 1 surabaya august 2019 july 2022 surabaya social sciences gain an indepth understanding of social sciences economics and management active in activities,"summary: experience: skills: document management, archiving, microsoft office, scheduling, teamwork, effective communication, time management education: sma negeri 1 surabaya august 2019 - july 2022 surabaya social sciences gain an in-depth understanding of social sciences, economics and management. active in activities","['Staff Admin', 'Administrasi Staff', 'Admin Support']"
Rian Saputra,rian.saputra@example.com,6281234567890,"kebersihan dapur, point of sale (pos), inventory management, kerja tim, microsoft office, teknik pemotongan, penanganan bahan makanan, ketelitian, komunikasi efektif, manajemen waktu, persiapan makanan",-,"dalam membantu persiapan bahan makanan dan  menjaga kebersihan dapur. memiliki keterampilan dalam mengikuti instruksi dari chef, pengelolaan stok bahan  makanan, serta memastikan peralatan dapur siap digunakan. siap untuk mendukung operasi dapur yang  efisien dan produktif.",SMA,-,Operations,summary experience helping prepare food ingredients maintaining kitchen cleanliness skills following instructions chef managing food stock ensuring kitchen equipment ready use ready support efficient productive kitchen operations skills kitchen cleanliness point sale post inventory management team work microsoft office cutting techniques food handling accuracy effective communication time management food preparation education sma negeri 2 surabaya august 2019 july 2022 sma negeri 2 surabaya surabaya department science average score 82100,summary experience in helping prepare food ingredients and maintaining kitchen cleanliness have skills in following instructions from the chef managing food stock and ensuring kitchen equipment is ready for use ready to support efficient and productive kitchen operations skills kitchen cleanliness point of sale post inventory management team work microsoft office cutting techniques food handling accuracy effective communication time management food preparation education sma negeri 2 surabaya august 2019 july 2022 sma negeri 2 surabaya surabaya department science average score 82100,"summary: experience: in helping prepare food ingredients and maintaining kitchen cleanliness. have skills in following instructions from the chef, managing food stock, and ensuring kitchen equipment is ready for use. ready to support efficient and productive kitchen operations. skills: kitchen cleanliness, point of sale (post), inventory management, team work, microsoft office, cutting techniques, food handling, accuracy, effective communication, time management, food preparation education: sma negeri 2 surabaya august 2019 - july 2022 sma negeri 2 surabaya surabaya department: science average score: 82/100","['Operasional Manager', 'Operational Head', 'Production Supervisor']"
Rina Pratiwi,rina.pratiwi@example.com,6281234567890,"kreativitas, hootsuite, seo, email marketing, canva, analisis data, hubspot, komunikasi efektif, mailchimp, sem, google analytics, manajemen waktu, content marketing",-,"lebih dari 3 tahun dalam perencanaan dan pelaksanaan  kampanye pemasaran digital yang efektif. memiliki keterampilan dalam seo, sem, manajemen media sosial,  dan analisis data. terbiasa bekerja dalam tim untuk mencapai target yang ambisius dan berkontribusi  terhadap pertumbuhan bisnis.",S1,universitas indonesia jakarta konsentrasi,Marketing,summary experience 3 years planning executing effective digital marketing campaigns skills seo sem social media management data analysis accustomed working team achieve ambitious targets contribute business growth skills creativity hootsuite seo email marketing canva data analysis hubspot effective communication mailchimp sem google analytics time management content marketing education bachelor communication september 2018 august 2022 university indonesia jakarta concentration digital marketing gpa 360400 thesis influence social media consumer purchasing decisions,summary experience over 3 years in planning and executing effective digital marketing campaigns have skills in seo sem social media management and data analysis accustomed to working in a team to achieve ambitious targets and contribute to business growth skills creativity hootsuite seo email marketing canva data analysis hubspot effective communication mailchimp sem google analytics time management content marketing education bachelor of communication september 2018 august 2022 university of indonesia jakarta concentration digital marketing gpa 360400 thesis the influence of social media on consumer purchasing decisions,"summary: experience: over 3 years in planning and executing effective digital marketing campaigns. have skills in seo, sem, social media management, and data analysis. accustomed to working in a team to achieve ambitious targets and contribute to business growth. skills: creativity, hootsuite, seo, email marketing, canva, data analysis, hubspot, effective communication, mailchimp, sem, google analytics, time management, content marketing education: bachelor of communication september 2018 - august 2022 university of indonesia jakarta concentration: digital marketing gpa: 3.60/4.00 thesis: the influence of social media on consumer purchasing decisions","['Marketing Manager', 'Marketing', 'E-Commerce Spesialist']"
Dika Saputra,dika.saputra@example.com,6281234567890,"adobe illustrator, komunikasi, kreativitas, branding, kolaborasi, coreldraw, pemecahan masalah, sketch, adobe photoshop, procreate, figma, manajemen waktu, typography, adobe indesign",-,"lebih dari 3 tahun dalam merancang materi visual untuk berbagai  industri. berpengalaman dalam menggunakan software desain seperti adobe creative suite, serta memiliki  keterampilan dalam ilustrasi, branding, dan desain digital. mampu bekerja dalam tim maupun secara mandiri  untuk menghasilkan desain kreatif yang sesuai dengan kebutuhan klien.",S1,universitas lorem ipsum jakarta ipk,Design & Creative,summary experience 3 years designing visual materials various industries experienced using design software adobe creative suite skills illustration branding digital design able work team independently produce creative designs suit client needs skills adobe illustrator communication creativity branding collaboration corel draw problem solving sketch adobe photoshop procreate figma time management typography adobe indesign education bachelor visual communication design september 2017 august 2021 lorem ipsum university jakarta gpa 375400 active various campus activities art exhibitions design competitions,summary experience more than 3 years in designing visual materials for various industries experienced in using design software such as adobe creative suite and have skills in illustration branding and digital design able to work in a team or independently to produce creative designs that suit client needs skills adobe illustrator communication creativity branding collaboration corel draw problem solving sketch adobe photoshop procreate figma time management typography adobe indesign education bachelor of visual communication design september 2017 august 2021 lorem ipsum university jakarta gpa 375400 active in various campus activities such as art exhibitions and design competitions,"summary: experience: more than 3 years in designing visual materials for various industries. experienced in using design software such as adobe creative suite, and have skills in illustration, branding and digital design. able to work in a team or independently to produce creative designs that suit client needs. skills: adobe illustrator, communication, creativity, branding, collaboration, corel draw, problem solving, sketch, adobe photoshop, procreate, figma, time management, typography, adobe indesign education: bachelor of visual communication design september 2017 - august 2021 lorem ipsum university jakarta gpa: 3.75/4.00 active in various campus activities such as art exhibitions and design competitions.","['Content Creator', 'Graphic Designer', 'Social Media Specialist']"
Rina Sutrisno,rina.sutrisno@email.com,6289876543210,"komunikasi, proyek, pengelolaan dokumen, pengarsipan, staf administrasi magang februari 2023 - april 2023, lorem ipsum corp. surabaya, smk negeri 2 surabaya surabaya, magang, laporan administrasi bulanan., sertifikasi, lsp administrasi (2023), ketelitian, mengembangkan sistem pengarsipan digital untuk dokumen sekolah, sehingga meningkatkan efisiensi, proyek akhir: digitalisasi sistem pengarsipan mei 2023 - juni 2023, pencarian dan pengelolaan dokumen., manajemen waktu, membantu dalam pengelolaan dokumen perusahaan, pengarsipan surat-surat penting, serta menyusun, administrasi perkantoran",-,"dalam pengelolaan dokumen,  pengarsipan, serta layanan administrasi. memiliki kemampuan komunikasi yang baik, teliti dalam pekerjaan,  dan siap berkontribusi dalam tim.",-,-,Admin,summary experience document management archiving administration services good communication skills thorough work ready contribute team skills communication projects document management archiving administrative staff internship february 2023 april 2023 lorem ipsum corp surabaya smk negeri 2 surabaya surabaya internship monthly administrative report certification lsp administration 2023 thoroughness developing digital filing system school documents thus increasing efficiency final project digitizing filing system may 2023 june 2023 searching managing documents time management assisting managing company documents archiving important letters compiling office administration education office administration august 2020 july 2023 smk negeri 2 surabaya surabaya masters office administration techniques including managing correspondence filing operating office equipment,summary experience in document management archiving and administration services have good communication skills thorough in work and ready to contribute to the team skills communication projects document management archiving administrative staff internship february 2023 april 2023 lorem ipsum corp surabaya smk negeri 2 surabaya surabaya internship monthly administrative report certification lsp administration 2023 thoroughness developing a digital filing system for school documents thus increasing efficiency final project digitizing the filing system may 2023 june 2023 searching and managing documents time management assisting in managing company documents archiving important letters and compiling office administration education office administration august 2020 july 2023 smk negeri 2 surabaya surabaya masters office administration techniques including managing correspondence filing and operating office equipment,"summary: experience: in document management, archiving, and administration services. have good communication skills, thorough in work, and ready to contribute to the team. skills: communication, projects, document management, archiving, administrative staff internship february 2023 - april 2023, lorem ipsum corp. surabaya, smk negeri 2 surabaya surabaya, internship, monthly administrative report., certification, lsp administration (2023), thoroughness, developing a digital filing system for school documents, thus increasing efficiency, final project: digitizing the filing system may 2023 - june 2023, searching and managing documents., time management, assisting in managing company documents, archiving important letters, and compiling, office administration education: office administration august 2020 - july 2023 smk negeri 2 surabaya surabaya masters office administration techniques, including managing correspondence, filing and operating office equipment.","['Staff Admin', 'Administrasi Staff', 'Admin Support']"
Andi Nugraha,andi.nugraha@example.com,6281234567890,"kepemimpinan, spss, penulisan akademik, microsoft office, latex, analisis data statistik, pengembangan kurikulum, kerjasama tim, komunikasi efektif, manajemen waktu, stata",seorang akademisi dengan latar belakang,"sebagai asisten dosen selama 3 tahun.  memiliki minat dalam penelitian dan pengajaran di bidang ekonomi  makro dan mikro, serta memiliki kemampuan untuk menyusun materi  ajar yang relevan dan menarik.",S1,universitas gadjah mada yogyakarta konsentrasi,Education,summary academic background experience teaching assistant 3 years interest research teaching fields macro micro economics ability prepare relevant interesting teaching materials skills leadership spss academic writing microsoft office latex statistical data analysis curriculum development teamwork effective communication time management stata education masters degree economics experience teaching assistant 3 years interest research teaching fields macro micro economics ability prepare relevant interesting teaching materials master economics education september 2020 august 2022 gadjah mada university yogyakarta concentration macroeconomics gpa 390400 thesis analysis impact fiscal policy economic growth indonesia bachelor economics september 2016 august 2020 university indonesia jakarta concentration microeconomics gpa 385400 thesis influence market structure industrial productivity small medium java,summary an academic with a background experience as a teaching assistant for 3 years have an interest in research and teaching in the fields of macro and micro economics and have the ability to prepare relevant and interesting teaching materials skills leadership spss academic writing microsoft office latex statistical data analysis curriculum development teamwork effective communication time management stata education masters degree in economics and experience as a teaching assistant for 3 years have an interest in research and teaching in the fields of macro and micro economics and have the ability to prepare relevant and interesting teaching materials master of economics education september 2020 august 2022 gadjah mada university yogyakarta concentration macroeconomics gpa 390400 thesis analysis of the impact of fiscal policy on economic growth in indonesia bachelor of economics september 2016 august 2020 university of indonesia jakarta concentration microeconomics gpa 385400 thesis the influence of market structure on industrial productivity small and medium in java,"summary: an academic with a background. experience: as a teaching assistant for 3 years. have an interest in research and teaching in the fields of macro and micro economics, and have the ability to prepare relevant and interesting teaching materials. skills: leadership, spss, academic writing, microsoft office, latex, statistical data analysis, curriculum development, teamwork, effective communication, time management, stata education: master's degree in economics and experience as a teaching assistant for 3 years. have an interest in research and teaching in the fields of macro and micro economics, and have the ability to prepare relevant and interesting teaching materials. master of economics education september 2020 - august 2022 gadjah mada university yogyakarta concentration: macroeconomics gpa: 3.90/4.00 thesis: analysis of the impact of fiscal policy on economic growth in indonesia bachelor of economics september 2016 - august 2020 university of indonesia jakarta concentration: microeconomics gpa: 3.85/4.00 thesis: the influence of market structure on industrial productivity small and medium in java","['Teacher / Teaching Assistant / Admin', 'Guru Matematika SMA', 'Admissions and Community Engagement Officer']"
Rafael Pratama,rafael.pratama@example.com,6281234567890,"kepemimpinan, autocad, kerja tim, staad pro, microsoft office, primavera, teknik pengukuran tanah, pemecahan masalah, pengelolaan proyek konstruksi, komunikasi efektif, google sketchup",-,"dalam perencanaan dan pelaksanaan proyek konstruksi.  memiliki kemampuan dalam pengelolaan proyek, desain struktural, dan pemecahan masalah yang kompleks.  mampu bekerja secara mandiri maupun dalam tim, serta siap untuk berkontribusi pada perkembangan industri  konstruksi.",S1,universitas pendidikan indonesia bandung ipk,Engineering,summary experience planning implementing construction projects abilities project management structural design complex problem solving able work independently team ready contribute development construction industry skills leadership autocad teamwork staad pro microsoft office primavera land measurement techniques problem solving construction project management effective communication google sketchup education bachelor civil engineering st september 2018 august 2023 indonesian education university bandung gpa 385400 final project structural analysis tall buildings using finite element method,summary experience in planning and implementing construction projects have abilities in project management structural design and complex problem solving able to work independently or in a team and ready to contribute to the development of the construction industry skills leadership autocad teamwork staad pro microsoft office primavera land measurement techniques problem solving construction project management effective communication google sketchup education bachelor of civil engineering st september 2018 august 2023 indonesian education university bandung gpa 385400 final project structural analysis of tall buildings using the finite element method,"summary: experience: in planning and implementing construction projects. have abilities in project management, structural design, and complex problem solving. able to work independently or in a team, and ready to contribute to the development of the construction industry. skills: leadership, autocad, teamwork, staad pro, microsoft office, primavera, land measurement techniques, problem solving, construction project management, effective communication, google sketchup education: bachelor of civil engineering (s.t.) september 2018 - august 2023 indonesian education university bandung gpa: 3.85/4.00 final project: structural analysis of tall buildings using the finite element method","['Engineer Staff', 'Project Engineer', 'Electrical Engineering (Kosmetik & Farmasi)']"
Joko Sutrisno,joko.sutrisno@email.com,62898765432100,"pengetahuan tentang alat, sistem manajemen kebersihan sertifikasi, toilet dan ruang publik, perhatian terhadap detail, lembaga pelatihan kebersihan indonesia (2021), kemampuan komunikasi, sertifikat k3 kebersihan nomor 5678/1234/2021, kerjasama tim, pembersih, pemeliharaan kebersihan, pengoperasian mesin, manajemen waktu, kebersihan dan bahan, kimia",-,"selama lebih dari  3 tahun dalam menjaga  kebersihan dan kerapian berbagai  jenis lingkungan kerja, termasuk  perkantoran dan area publik.  terampil dalam menggunakan  berbagai alat kebersihan dan  pembersih, serta memastikan  tempat kerja yang aman dan  nyaman bagi semua penghuni. pengalaman kerja petugas kebersihan mei 2020 - juli 2023  pt. bersih sejahtera surabaya  bertanggung jawab atas kebersihan area perkantoran, termasuk  ruang kerja, lobi, dan fasilitas umum.  melakukan pembersihan harian dan mingguan seperti menyapu,  mengepel, dan membersihkan toilet.  mengelola persediaan alat kebersihan dan memastikan semua  peralatan dalam kondisi baik.  menjalankan prosedur kebersihan sesuai dengan standar  keamanan dan kesehatan.  cleaning service agustus 2018 - april 2020  pt. citra lestari sidoarjo  menjaga kebersihan gedung perkantoran dan ruang publik.  membersihkan dan merawat berbagai fasilitas, termasuk karpet,  jendela, dan lift.  menerapkan metode pembersihan yang efektif untuk  menghilangkan noda membandel dan menjaga kebersihan  menyeluruh.",-,-,Software,summary experience 3 years maintaining cleanliness tidiness various types work environments including offices public areas skilled using various cleaning cleaning tools well ensuring safe comfortable workplace occupants janitor work experience may 2020 july 2023 pt clean sejahtera surabaya responsible cleanliness office areas including work spaces lobbies public facilities carry daily weekly cleaning sweeping mopping cleaning toilets manage cleaning equipment inventory ensure equipment good condition carry cleaning procedures accordance safety health standards cleaning service august 2018 april 2020 pt sidoarjos sustainable image maintaining cleanliness office buildings public spaces cleans maintains various facilities including carpets windows elevators employ effective cleaning methods remove stubborn stains maintain thorough cleanliness skills knowledge tools certification cleanliness management systems toilets public spaces attention detail indonesian cleanliness training institute 2021 communication skills k3 cleanliness certificate number 567812342021 teamwork cleaning cleanliness maintenance machine operation time management cleanliness materials chemistry education automotive engineering august 2015 july 2018 smk negeri 2 surabaya surabaya basic knowledge automotive field prefers career cleaning services field graduation,summary experience for more than 3 years in maintaining the cleanliness and tidiness of various types of work environments including offices and public areas skilled in using various cleaning and cleaning tools as well as ensuring a safe and comfortable workplace for all occupants janitor work experience may 2020 july 2023 pt clean sejahtera surabaya is responsible for the cleanliness of office areas including work spaces lobbies and public facilities carry out daily and weekly cleaning such as sweeping mopping and cleaning toilets manage cleaning equipment inventory and ensure all equipment is in good condition carry out cleaning procedures in accordance with safety and health standards cleaning service august 2018 april 2020 pt sidoarjos sustainable image is maintaining the cleanliness of office buildings and public spaces cleans and maintains various facilities including carpets windows and elevators employ effective cleaning methods to remove stubborn stains and maintain thorough cleanliness skills knowledge of tools certification cleanliness management systems toilets and public spaces attention to detail indonesian cleanliness training institute 2021 communication skills k3 cleanliness certificate number 567812342021 teamwork cleaning cleanliness maintenance machine operation time management cleanliness and materials chemistry education automotive engineering august 2015 july 2018 smk negeri 2 surabaya surabaya has basic knowledge in the automotive field but prefers career in the cleaning services field after graduation,"summary: experience: for more than 3 years in maintaining the cleanliness and tidiness of various types of work environments, including offices and public areas. skilled in using various cleaning and cleaning tools, as well as ensuring a safe and comfortable workplace for all occupants. janitor work experience may 2020 - july 2023 pt. clean sejahtera surabaya is responsible for the cleanliness of office areas, including work spaces, lobbies and public facilities. carry out daily and weekly cleaning such as sweeping, mopping and cleaning toilets. manage cleaning equipment inventory and ensure all equipment is in good condition. carry out cleaning procedures in accordance with safety and health standards. cleaning service august 2018 - april 2020 pt. sidoarjo's sustainable image is maintaining the cleanliness of office buildings and public spaces. cleans and maintains various facilities, including carpets, windows, and elevators. employ effective cleaning methods to remove stubborn stains and maintain thorough cleanliness. skills: knowledge of tools, certification cleanliness management systems, toilets and public spaces, attention to detail, indonesian cleanliness training institute (2021), communication skills, k3 cleanliness certificate number 5678/1234/2021, teamwork, cleaning, cleanliness maintenance, machine operation, time management, cleanliness and materials, chemistry education: automotive engineering august 2015 - july 2018 smk negeri 2 surabaya surabaya has basic knowledge in the automotive field, but prefers career in the cleaning services field after graduation.","['IT Support', 'IT Engineer', 'Data Engineer']"
Nina Sari,nina.sari@example.com,6281234567890,"kerja tim, kesabaran, penguasaan menu makanan, microsoft office, pemecahan masalah, komunikasi efektif, sistem kasir, pelayanan pelanggan, manajemen waktu",-,dengan kemampuan pelayanan pelanggan yang baik. memiliki  pengetahuan tentang produk makanan dan minuman serta kemampuan untuk bekerja dalam tim.  berkomitmen untuk memberikan pengalaman makan yang luar biasa bagi pelanggan.,SMA,-,Customer Service,summary experience good customer service skills knowledge food beverage products ability work team committed providing customers exceptional dining experience skills teamwork patience food menu mastery microsoft office problem solving effective communication cashier system customer service time management education sma negeri 2 jakarta august 2020 july 2023 sma negeri 2 jakarta jakarta department social sciences average score 80100,summary experience with good customer service skills have knowledge of food and beverage products and the ability to work in a team committed to providing customers with an exceptional dining experience skills teamwork patience food menu mastery microsoft office problem solving effective communication cashier system customer service time management education sma negeri 2 jakarta august 2020 july 2023 sma negeri 2 jakarta jakarta department social sciences average score 80100,"summary: experience: with good customer service skills. have knowledge of food and beverage products and the ability to work in a team. committed to providing customers with an exceptional dining experience. skills: teamwork, patience, food menu mastery, microsoft office, problem solving, effective communication, cashier system, customer service, time management education: sma negeri 2 jakarta august 2020 - july 2023 sma negeri 2 jakarta jakarta department: social sciences average score: 80/100","['Customer Service', 'Customer Success Officer', 'Customer Relationship Officer']"
Nurul Aisyah,nurul.aisyah@example.com,6281234567890,"kepemimpinan, microsoft excel, kerja tim, analisis keuangan syariah, spss, canva, penelitian ekonomi, manajemen risiko syariah, pemecahan masalah, pengembangan produk keuangan syariah, zahir accounting, komunikasi efektif",-,"dalam analisis keuangan syariah, manajemen risiko, dan pengembangan produk  keuangan berbasis syariah. mampu bekerja secara tim maupun mandiri dengan keterampilan komunikasi  yang baik.",S1,universitas islam negeri surabaya surabaya ipk,Finance,summary experience sharia financial analysis risk management development shariabased financial products able work team independently good communication skills skills leadership microsoft excel team work islamic financial analysis spss canva economic research sharia risk management problem solving development islamic financial products zahir accounting effective communication education bachelor sharia economics september 2019 august 2023 state islamic university surabaya surabaya gpa 380400 final assignment analysis effectiveness sharia microfinancing improving welfare umkm east java,summary experience in sharia financial analysis risk management and development of shariabased financial products able to work in a team or independently with good communication skills skills leadership microsoft excel team work islamic financial analysis spss canva economic research sharia risk management problem solving development of islamic financial products zahir accounting effective communication education bachelor of sharia economics september 2019 august 2023 state islamic university of surabaya surabaya gpa 380400 final assignment analysis of the effectiveness of sharia microfinancing in improving welfare umkm in east java,"summary: experience: in sharia financial analysis, risk management, and development of sharia-based financial products. able to work in a team or independently with good communication skills. skills: leadership, microsoft excel, team work, islamic financial analysis, spss, canva, economic research, sharia risk management, problem solving, development of islamic financial products, zahir accounting, effective communication education: bachelor of sharia economics september 2019 - august 2023 state islamic university of surabaya surabaya gpa: 3.80/4.00 final assignment: analysis of the effectiveness of sharia microfinancing in improving welfare umkm in east java.","['Accounting Staff', 'Finance Staff', 'Finance & Accounting Officer']"
Rina Amelia,rina.amelia@loremipsum.com,6281234567890,"kepemimpinan, penyusunan dokumen hukum, kerja tim, microsoft office, google scholar, negosiasi, penelitian hukum, lexisnexis, komunikasi efektif, analisis hukum",-,"magang di bagian hukum agustus 2023 - oktober 2023  pt lorem ipsum jakarta  bertanggung jawab untuk membantu tim hukum dalam menganalisis kontrak, menyiapkan dokumen hukum,  serta memberikan saran hukum terkait masalah perdata dan bisnis. berhasil mengurangi waktu pengolahan  dokumen sebesar 15%.  riwayat",S1,universitas lorem ipsum jakarta ipk,Data,summary experience internship legal department august 2023 october 2023 pt lorem ipsum jakarta responsible assisting legal team analyzing contracts preparing legal documents providing legal advice regarding civil business matters managed reduce document processing time 15 history skills leadership drafting legal documents team work microsoft office google scholar negotiation legal research lexisnexis effective communication legal analysis education bachelor laws sh october 2019 july 2023 lorem ipsum university jakarta gpa 380400 thesis legal protection consumers online commerce,summary experience internship in the legal department august 2023 october 2023 pt lorem ipsum jakarta responsible for assisting the legal team in analyzing contracts preparing legal documents and providing legal advice regarding civil and business matters managed to reduce document processing time by 15 history skills leadership drafting legal documents team work microsoft office google scholar negotiation legal research lexisnexis effective communication legal analysis education bachelor of laws sh october 2019 july 2023 lorem ipsum university jakarta gpa 380400 thesis legal protection of consumers in online commerce,"summary: experience: internship in the legal department august 2023 - october 2023 pt lorem ipsum jakarta responsible for assisting the legal team in analyzing contracts, preparing legal documents, and providing legal advice regarding civil and business matters. managed to reduce document processing time by 15%. history skills: leadership, drafting legal documents, team work, microsoft office, google scholar, negotiation, legal research, lexisnexis, effective communication, legal analysis education: bachelor of laws (s.h.) october 2019 - july 2023 lorem ipsum university jakarta gpa: 3.80/4.00 thesis: legal protection of consumers in online commerce","['Data Analyst for Production Staff (CODE : PROD DA)', 'Data Scientist', 'Jr. Specialist Data Stewards']"
Lina Amalia,lina.amalia@example.com,6281234567890,"kepemimpinan, kerja tim, metode pengajaran aktif, perencanaan pembelajaran, google classroom, microsoft office, pengelolaan kelas, empati, komunikasi efektif",mahasiswa pgsd yang berdedikasi dengan kemampuan komunikasi dan keterampilan mengajar yang baik. memiliki pengalaman dalam kegiatan mengajar dan aktif dalam berbagai,dalam kegiatan  mengajar dan aktif dalam  berbagai,-,universitas pendidikan indonesia oktober 2021,Education,summary dedicated pgsd student good communication skills teaching skills experience teaching activities active various experience teaching activities active various skills leadership team work active teaching methods lesson planning google classroom microsoft office class management empathy effective communication education continue develop personal skills education indonesian education university october 2021 july 2025 indonesian education university bandung study program primary school teacher education pgsd gpa 380400 active,summary dedicated pgsd student with good communication skills and teaching skills have experience in teaching activities and are active in various experience in teaching activities and active in various skills leadership team work active teaching methods lesson planning google classroom microsoft office class management empathy effective communication education and continue to develop personal skills education indonesian education university october 2021 july 2025 indonesian education university bandung study program primary school teacher education pgsd gpa 380400 active in,"summary: dedicated pgsd student with good communication skills and teaching skills. have experience in teaching activities and are active in various experience: in teaching activities and active in various skills: leadership, team work, active teaching methods, lesson planning, google classroom, microsoft office, class management, empathy, effective communication education: and continue to develop personal skills. education indonesian education university october 2021 - july 2025 indonesian education university bandung study program: primary school teacher education (pgsd) gpa: 3.80/4.00 active in","['Teacher / Teaching Assistant / Admin', 'Guru Matematika SMA', 'Admissions and Community Engagement Officer']"
Siti Nurhaliza,siti.nurhaliza@email.com,62812345678901,"pemeriksaan kehamilan, pertolongan persalinan, manajemen stres, empati, kerjasama tim, edukasi kesehatan ibu dan anak, perawatan bayi baru lahir, komunikasi pasien",-,"dalam memberikan pelayanan kesehatan ibu dan anak, termasuk  pemeriksaan kehamilan, pertolongan persalinan, dan edukasi kesehatan. berorientasi pada kualitas  pelayanan yang tinggi dan kesejahteraan pasien.",D3,-,Hospitality,summary experience providing maternal child health services including pregnancy checks birth assistance health education oriented towards high quality service patient welfare skills pregnancy examination birth assistance stress management empathy teamwork maternal child health education newborn care patient communication education midwifery academy september 2019 august 2022 jakarta midwifery diploma 3 studying basics midwifery clinical practice care pregnant women childbirth postpartum well health newborns,summary experience in providing maternal and child health services including pregnancy checks birth assistance and health education oriented towards high quality service and patient welfare skills pregnancy examination birth assistance stress management empathy teamwork maternal and child health education newborn care patient communication education midwifery academy september 2019 august 2022 jakarta midwifery diploma 3 studying the basics of midwifery and clinical practice in the care of pregnant women childbirth and postpartum as well as the health of newborns,"summary: experience: in providing maternal and child health services, including pregnancy checks, birth assistance, and health education. oriented towards high quality service and patient welfare. skills: pregnancy examination, birth assistance, stress management, empathy, teamwork, maternal and child health education, newborn care, patient communication education: midwifery academy september 2019 - august 2022 jakarta midwifery diploma 3 studying the basics of midwifery and clinical practice in the care of pregnant women, childbirth and postpartum, as well as the health of newborns.","['Customer Relation Officer', 'Operational Manager', 'Waiter']"
Siti Nurjanah,siti.nurjanah@example.com,6281234567890,"kerja tim, penanganan persalinan normal, manajemen kasus obstetri dan ginekologi, microsoft office, electronic health records (ehr), empati dan kepedulian, sistem informasi manajemen rumah sakit (simrs), edukasi kesehatan ibu dan anak, komunikasi efektif, manajemen waktu, keterampilan klinis kebidanan",-,"dengan lebih dari 3 tahun dalam memberikan pelayanan kesehatan ibu dan anak.  memiliki kemampuan yang kuat dalam mendampingi persalinan, memberikan edukasi kesehatan, serta  menangani kasus-kasus obstetri dan ginekologi. berkomitmen untuk memberikan perawatan yang optimal dan  holistik kepada pasien, serta siap bekerja sama dengan tim medis lainnya.",D3,-,Healthcare,summary experience 3 years providing maternal child health services strong ability accompany childbirth provide health education handle obstetrics gynecology cases committed providing optimal holistic care patients ready collaborate medical teams skills teamwork normal delivery management obstetrics gynecology case management microsoft office electronic health records ehr empathy caring hospital management information system simrs maternal child health education effective communication time management midwifery clinical skills education d3 midwifery october 2018 september 2021 nusantara midwifery academy jakarta graduated cum laude predicate gpa 385400 thesis application hypnotherapy methods reducing labor pain,summary experience with more than 3 years in providing maternal and child health services has a strong ability to accompany childbirth provide health education and handle obstetrics and gynecology cases committed to providing optimal and holistic care to patients and ready to collaborate with other medical teams skills teamwork normal delivery management obstetrics and gynecology case management microsoft office electronic health records ehr empathy and caring hospital management information system simrs maternal and child health education effective communication time management midwifery clinical skills education d3 midwifery october 2018 september 2021 nusantara midwifery academy jakarta graduated with cum laude predicate gpa 385400 thesis application of hypnotherapy methods in reducing labor pain,"summary: experience: with more than 3 years in providing maternal and child health services. has a strong ability to accompany childbirth, provide health education, and handle obstetrics and gynecology cases. committed to providing optimal and holistic care to patients, and ready to collaborate with other medical teams. skills: teamwork, normal delivery management, obstetrics and gynecology case management, microsoft office, electronic health records (ehr), empathy and caring, hospital management information system (simrs), maternal and child health education, effective communication, time management, midwifery clinical skills education: d3 midwifery october 2018 - september 2021 nusantara midwifery academy jakarta graduated with cum laude predicate (gpa: 3.85/4.00). thesis: 'application of hypnotherapy methods in reducing labor pain'.","['Perawat', 'Nurse', 'Medical Representative']"
Sarah Amalia,sarah.amalia@naevawebmail.com,6281234567890,"kepemimpinan, analisis data psikologi, google workspace, psikotes, konseling individu, keterampilan mendengarkan, microsoft office, pemecahan masalah, penyusunan program terapi, spss, komunikasi empatik",-,"dalam  menangani masalah mental dan emosional. memiliki kemampuan komunikasi yang baik, empati, dan  keterampilan analitis. berkomitmen untuk membantu individu dalam mencapai kesejahteraan mental yang  lebih baik dan siap untuk berkontribusi dalam lingkungan profesional.",S1,universitas lorem ipsum bandung ipk,Data,summary experience dealing mental emotional problems good communication skills empathy analytical skills committed assisting individuals achieving better mental wellbeing ready contribute professional environment skills leadership psychological data analysis google workspace psychological tests individual counseling listening skills microsoft office problem solving therapy program preparation spss empathic communication education bachelor psychology spsi october 2019 july 2023 lorem ipsum university bandung gpa 375400 thesis influence cognitivebehavioral therapy reducing student stress,summary experience in dealing with mental and emotional problems have good communication skills empathy and analytical skills committed to assisting individuals in achieving better mental wellbeing and ready to contribute in a professional environment skills leadership psychological data analysis google workspace psychological tests individual counseling listening skills microsoft office problem solving therapy program preparation spss empathic communication education bachelor of psychology spsi october 2019 july 2023 lorem ipsum university bandung gpa 375400 thesis the influence of cognitivebehavioral therapy on reducing student stress,"summary: experience: in dealing with mental and emotional problems. have good communication skills, empathy, and analytical skills. committed to assisting individuals in achieving better mental wellbeing and ready to contribute in a professional environment. skills: leadership, psychological data analysis, google workspace, psychological tests, individual counseling, listening skills, microsoft office, problem solving, therapy program preparation, spss, empathic communication education: bachelor of psychology (s.psi) october 2019 - july 2023 lorem ipsum university bandung gpa: 3.75/4.00 thesis: the influence of cognitive-behavioral therapy on reducing student stress","['Data Analyst for Production Staff (CODE : PROD DA)', 'Data Scientist', 'Jr. Specialist Data Stewards']"
Joko Susilo,joko.susilo@email.com,6281122334455,"kedisiplinan, kepemimpinan, sertifikasi, pengoperasian cctv, sertifikat pelatihan dasar keamanan nomor 8765/4321/112233, penanganan situasi darurat, patroli keamanan, pengendalian akses, lembaga pelatihan keamanan nasional (2017), kerjasama tim, komunikasi efektif",-,"dengan lebih dari 5 tahun bekerja di berbagai lingkungan kerja, termasuk perumahan,  kantor, dan pusat perbelanjaan. terampil dalam mengawasi keamanan, mengatasi situasi darurat, serta  menjaga ketertiban dengan komunikasi yang efektif. memiliki",SMA,-,Education,summary experience 5 years working various work environments including residential office shopping centers skilled supervising security dealing emergency situations maintaining order effective communication skills discipline leadership certification cctv operation basic security training certificate number 87654321112233 handling emergency situations security patrol access control national security training institute 2017 teamwork effective communication education sma negeri 5 surabaya august 2013 july 2016 majoring social sciences surabaya completed education focus social sciences,summary experience with more than 5 years working in various work environments including residential office and shopping centers skilled in supervising security dealing with emergency situations and maintaining order with effective communication has skills discipline leadership certification cctv operation basic security training certificate number 87654321112233 handling emergency situations security patrol access control national security training institute 2017 teamwork effective communication education sma negeri 5 surabaya august 2013 july 2016 majoring in social sciences surabaya completed education with a focus on social sciences,"summary: experience: with more than 5 years working in various work environments, including residential, office and shopping centers. skilled in supervising security, dealing with emergency situations, and maintaining order with effective communication. has skills: discipline, leadership, certification, cctv operation, basic security training certificate number 8765/4321/112233, handling emergency situations, security patrol, access control, national security training institute (2017), teamwork, effective communication education: sma negeri 5 surabaya august 2013 - july 2016 majoring in social sciences surabaya completed education with a focus on social sciences.","['Teacher / Teaching Assistant / Admin', 'Guru Matematika SMA', 'Admissions and Community Engagement Officer']"
Dewi Sari,dewi.sari@example.com,6281234567890,"kepemimpinan, zendesk, kerja tim, kesabaran, microsoft office, freshdesk, manajemen keluhan, crm software (zendesk,, pemecahan masalah, pelanggan, freshdesk), komunikasi efektif","customer service berpengalaman dengan kemampuan komunikasi yang efektif dan layanan pelanggan yang baik. terbiasa menangani keluhan pelanggan, menyelesaikan masalah secara cepat, serta memberikan solusi yang memuaskan. mampu bekerja dalam tim, multitasking, dan siap memberikan layanan terbaik kepada pelanggan.","dengan kemampuan komunikasi  yang efektif dan layanan  pelanggan yang baik. terbiasa  menangani keluhan pelanggan,  menyelesaikan masalah secara  cepat, serta memberikan solusi  yang memuaskan. mampu  bekerja dalam tim, multitasking,  dan siap memberikan layanan  terbaik kepada pelanggan. pengalaman kerja customer service representative april 2021 - oktober 2024  pt ipsum lorem jakarta  melayani pertanyaan pelanggan melalui telepon, email, dan chat.  menangani keluhan dengan cepat dan efisien. mampu meningkatkan  kepuasan pelanggan sebesar 15% berdasarkan survei tahunan.  customer service intern juli 2020 - maret 2021  pt dolor sit amet jakarta  membantu tim customer service dalam menangani pertanyaan  sederhana dan keluhan pelanggan. berhasil menangani rata-rata 50  interaksi pelanggan per hari dengan tingkat kepuasan 90%.",S1,universitas indonesia jakarta konsentrasi,Customer Service,summary experienced customer service effective communication skills good customer service accustomed handling customer complaints resolving problems quickly providing satisfactory solutions able work team multitasking ready provide best service customers experience effective communication skills good customer service accustomed handling customer complaints resolving problems quickly providing satisfactory solutions able work team multitasking ready provide best service customers customer service representative work experience april 2021 october 2024 pt ipsum lorem jakarta serving customer questions via telephone email chat handle complaints quickly efficiently able increase customer satisfaction 15 based annual surveys internal customer service july 2020 march 2021 pt dolor sit amet jakarta assists customer service team handling simple questions customer complaints successfully handles average 50 customer interactions per day 90 satisfaction rate skills leadership zendesk teamwork patience microsoft office freshdesk complaint management crm software zendesk problem solving customer freshdesk effective communication education bachelor communication science september 2016 august 2020 university indonesia jakarta concentration public relations gpa 375400 employee month award pt ipsum lorem 2023 bahasa bahasa indonesia native english fluent hobby reading reference books rina amelia pt ipsum lorem 6281234567891 rinaameliaipsumloremcom,summary experienced customer service with effective communication skills and good customer service accustomed to handling customer complaints resolving problems quickly and providing satisfactory solutions able to work in a team multitasking and ready to provide the best service to customers experience with effective communication skills and good customer service accustomed to handling customer complaints resolving problems quickly and providing satisfactory solutions able to work in a team multitasking and ready to provide the best service to customers customer service representative work experience april 2021 october 2024 pt ipsum lorem jakarta serving customer questions via telephone email and chat handle complaints quickly and efficiently able to increase customer satisfaction by 15 based on annual surveys internal customer service july 2020 march 2021 pt dolor sit amet jakarta assists the customer service team in handling simple questions and customer complaints successfully handles an average of 50 customer interactions per day with a 90 satisfaction rate skills leadership zendesk teamwork patience microsoft office freshdesk complaint management crm software zendesk problem solving customer freshdesk effective communication education bachelor of communication science september 2016 august 2020 university of indonesia jakarta concentration public relations gpa 375400 employee of the month award from pt ipsum lorem 2023 bahasa bahasa indonesia native english fluent hobby reading reference books rina amelia pt ipsum lorem 6281234567891 rinaameliaipsumloremcom,"summary: experienced customer service with effective communication skills and good customer service. accustomed to handling customer complaints, resolving problems quickly, and providing satisfactory solutions. able to work in a team, multitasking, and ready to provide the best service to customers. experience: with effective communication skills and good customer service. accustomed to handling customer complaints, resolving problems quickly, and providing satisfactory solutions. able to work in a team, multitasking, and ready to provide the best service to customers. customer service representative work experience april 2021 - october 2024 pt ipsum lorem jakarta serving customer questions via telephone, email and chat. handle complaints quickly and efficiently. able to increase customer satisfaction by 15% based on annual surveys. internal customer service july 2020 - march 2021 pt dolor sit amet jakarta assists the customer service team in handling simple questions and customer complaints. successfully handles an average of 50 customer interactions per day with a 90% satisfaction rate. skills: leadership, zendesk, teamwork, patience, microsoft office, freshdesk, complaint management, crm software (zendesk, problem solving, customer, freshdesk), effective communication education: bachelor of communication science september 2016 - august 2020 university of indonesia jakarta concentration: public relations gpa: 3.75/4.00 employee of the month award from pt ipsum lorem (2023) bahasa bahasa indonesia - native, english - fluent hobby reading reference books rina amelia, pt ipsum lorem +6281234567891 | rina.amelia@ipsumlorem.com","['Customer Service', 'Customer Success Officer', 'Customer Relationship Officer']"
Aisyah Rahma,aisyah.rahma@example.com,6281234567890,"approach to patient care. graduated with honors in midwifery and, deliveries, and educating women on reproductive health. seeking to, experienced in providing prenatal and postnatal care, assisting in",a dedicated midwife with strong clinical,"d in providing prenatal and postnatal care, assisting in  deliveries, and educating women on reproductive health. seeking to  contribute my",D3,-,Design & Creative,summary dedicated midwife strong clinical experience providing prenatal postnatal care assisting deliveries educating women reproductive health seeking contribute skills approach patient care graduated honors midwifery deliveries educating women reproductive health seeking experienced providing prenatal postnatal care assisting education diploma midwifery september 2021 agustus 2024 yogyakarta health polytechnic yogyakarta graduated honors gpa 380400,summary a dedicated midwife with strong clinical experience d in providing prenatal and postnatal care assisting in deliveries and educating women on reproductive health seeking to contribute my skills approach to patient care graduated with honors in midwifery and deliveries and educating women on reproductive health seeking to experienced in providing prenatal and postnatal care assisting in education diploma in midwifery september 2021 agustus 2024 yogyakarta health polytechnic yogyakarta graduated with honors gpa 380400,"summary: a dedicated midwife with strong clinical experience: d in providing prenatal and postnatal care, assisting in deliveries, and educating women on reproductive health. seeking to contribute my skills: approach to patient care. graduated with honors in midwifery and, deliveries, and educating women on reproductive health. seeking to, experienced in providing prenatal and postnatal care, assisting in education: diploma in midwifery september 2021 - agustus 2024 yogyakarta health polytechnic yogyakarta graduated with honors, gpa: 3.80/4.00","['Content Creator', 'Graphic Designer', 'Social Media Specialist']"
Rina Permata,rina.permata@example.com,6281234567890,"kepemimpinan, microsoft office, penanganan keluhan, pemecahan masalah, crm software, empati, edukasi produk perbankan, komunikasi efektif, digital banking platform, manajemen pelanggan",-,"dengan kemampuan komunikasi yang baik dan orientasi pada  kepuasan pelanggan. terampil dalam menangani keluhan pelanggan, memberikan solusi yang tepat, dan  menjaga hubungan baik dengan nasabah. siap untuk berkontribusi di lingkungan perbankan yang dinamis.",S1,universitas indonesia jakarta ipk,Admin,summary experience good communication skills orientation towards customer satisfaction skilled handling customer complaints providing appropriate solutions maintaining good relationships customers ready contribute dynamic banking environment skills leadership microsoft office complaint handling problem solving crm software empathy banking product education effective communication digital banking platform customer management education bachelor business administration september 2018 august 2022 university indonesia jakarta gpa 370400 active,summary experience with good communication skills and orientation towards customer satisfaction skilled in handling customer complaints providing appropriate solutions and maintaining good relationships with customers ready to contribute to a dynamic banking environment skills leadership microsoft office complaint handling problem solving crm software empathy banking product education effective communication digital banking platform customer management education bachelor of business administration september 2018 august 2022 university of indonesia jakarta gpa 370400 active in,"summary: experience: with good communication skills and orientation towards customer satisfaction. skilled in handling customer complaints, providing appropriate solutions, and maintaining good relationships with customers. ready to contribute to a dynamic banking environment. skills: leadership, microsoft office, complaint handling, problem solving, crm software, empathy, banking product education, effective communication, digital banking platform, customer management education: bachelor of business administration september 2018 - august 2022 university of indonesia jakarta gpa: 3.70/4.00 active in","['Staff Admin', 'Administrasi Staff', 'Admin Support']"
Wahyu Kurniawan,test@gmail.com,81234567890,"mencapai target., mencapai target penjualan, software online: ahrefs, google analytics, google search console, google, membuat konten yang relevan, sales assistant, jan 2017 - sep 2019, strategi link building, junior seo marketer, page dan off, on, luna fashion, jakarta, mengelola pelanggan, unbox digital, jakarta, manajemen stok, ‑, adwords, page seo",-,"lebih dari 3 tahun dalam mendorong inisiatif promosi. ahli marketing online, lead generation, dan lead nurturing. memiliki",-,-,Marketing,summary experience 3 years driving promotional initiatives online marketing lead generation lead nurturing expert skills achieving targets achieving sales targets online software ahrefs google analytics google search console google creating relevant content sales assistant jan 2017 sep 2019 link building strategy junior seo marketer page luna fashion jakarta managing customers digital unbox jakarta stock management ‑ adwords page seo education qualifications,summary experience over 3 years driving promotional initiatives online marketing lead generation and lead nurturing expert have skills achieving targets achieving sales targets online software ahrefs google analytics google search console google creating relevant content sales assistant jan 2017 sep 2019 link building strategy junior seo marketer page and off on luna fashion jakarta managing customers digital unbox jakarta stock management ‑ adwords page seo education and qualifications,"summary: experience: over 3 years driving promotional initiatives. online marketing, lead generation and lead nurturing expert. have skills: achieving targets, achieving sales targets, online software: ahrefs, google analytics, google search console, google, creating relevant content, sales assistant, jan 2017 - sep 2019, link building strategy, junior seo marketer, page and off, on, luna fashion, jakarta, managing customers, digital unbox, jakarta, stock management, ‑, adwords, page seo education: and qualifications","['Marketing Manager', 'Marketing', 'E-Commerce Spesialist']"
Anna Suryani,anna.suryani@example.com,6281234567890,"languages, and child health outcomes., best midwifery intern from pt lorem ipsum hospital (2023), education, adaptability, experience, midwifery volunteer july 2022 - september 2022, references, indonesian midwives association jakarta, organization, member october 2021 - july 2024, microsoft office, delivery assistance, planning. graduated with honors (gpa: 3.75/4.00)., teamwork, pt lorem ipsum hospital jakarta, telemedicine platforms, dr. budi santoso, pt lorem ipsum hospital, hobbies, improving maternal health., patient education, +6281234567891 | dr.budi@example.com, prenatal care, intern midwife august 2023 - now, awards, reading medical journals, compassion, bachelor of midwifery september 2020 - july 2024, emergency response, indonesian - native, english - fluent, problem-solving, electronic medical records (emr), postnatal care, lorem ipsum community health center bogor, university of indonesia jakarta",-,"d in providing comprehensive care to expectant mothers and newborns. skilled in emergency  response, patient",S1,university of indonesia jakarta focused on maternal and child health,Healthcare,summary experience providing comprehensive care expectant mothers newborns skilled emergency response patient skills languages child health outcomes best midwifery intern pt lorem ipsum hospital 2023 education adaptability experience midwifery volunteer july 2022 september 2022 references indonesian midwives association jakarta organization member october 2021 july 2024 microsoft office delivery assistance planning graduated honors gpa 375400 teamwork pt lorem ipsum hospital jakarta telemedicine platforms dr budi santoso pt lorem ipsum hospital hobbies improving maternal health patient education 6281234567891 drbudiexamplecom prenatal care intern midwife august 2023 awards reading medical journals compassion bachelor midwifery september 2020 july 2024 emergency response indonesian native english fluent problemsolving electronic medical records emr postnatal care lorem ipsum community health center bogor university indonesia jakarta education teamwork within healthcare environment committed improving maternal child health outcomes education bachelor midwifery september 2020 july 2024 university indonesia jakarta focused maternal child health including prenatal postnatal care delivery assistance family planning graduated honors gpa 375400,summary experience d in providing comprehensive care to expectant mothers and newborns skilled in emergency response patient skills languages and child health outcomes best midwifery intern from pt lorem ipsum hospital 2023 education adaptability experience midwifery volunteer july 2022 september 2022 references indonesian midwives association jakarta organization member october 2021 july 2024 microsoft office delivery assistance planning graduated with honors gpa 375400 teamwork pt lorem ipsum hospital jakarta telemedicine platforms dr budi santoso pt lorem ipsum hospital hobbies improving maternal health patient education 6281234567891 drbudiexamplecom prenatal care intern midwife august 2023 now awards reading medical journals compassion bachelor of midwifery september 2020 july 2024 emergency response indonesian native english fluent problemsolving electronic medical records emr postnatal care lorem ipsum community health center bogor university of indonesia jakarta education and teamwork within a healthcare environment committed to improving maternal and child health outcomes education bachelor of midwifery september 2020 july 2024 university of indonesia jakarta focused on maternal and child health including prenatal and postnatal care delivery assistance and family planning graduated with honors gpa 375400,"summary: experience: d in providing comprehensive care to expectant mothers and newborns. skilled in emergency response, patient skills: languages, and child health outcomes., best midwifery intern from pt lorem ipsum hospital (2023), education, adaptability, experience, midwifery volunteer july 2022 - september 2022, references, indonesian midwives association jakarta, organization, member october 2021 - july 2024, microsoft office, delivery assistance, planning. graduated with honors (gpa: 3.75/4.00)., teamwork, pt lorem ipsum hospital jakarta, telemedicine platforms, dr. budi santoso, pt lorem ipsum hospital, hobbies, improving maternal health., patient education, +6281234567891 | dr.budi@example.com, prenatal care, intern midwife august 2023 - now, awards, reading medical journals, compassion, bachelor of midwifery september 2020 - july 2024, emergency response, indonesian - native, english - fluent, problem-solving, electronic medical records (emr), postnatal care, lorem ipsum community health center bogor, university of indonesia jakarta education: , and teamwork within a healthcare environment. committed to improving maternal and child health outcomes. education bachelor of midwifery september 2020 - july 2024 university of indonesia jakarta focused on maternal and child health, including prenatal and postnatal care, delivery assistance, and family planning. graduated with honors (gpa: 3.75/4.00).","['Perawat', 'Nurse', 'Medical Representative']"
Rizky Hidayat,rizky.hidayat@email.com,62812345678900,"sertifikasi, performa kendaraan., lsp otomotif indonesia (2023), diagnosa dan perbaikan mesin, kerjasama tim, hobi, membangun dan mengutak-atik mesin kendaraan, soft skills:, teknologi otomotif terkini., linkedin.com/in/rizky51806 | www.loremipsum.com, pemecahan masalah, pt. lorem ipsum motors surabaya, proyek, perawatan kendaraan bermotor, sistem kelistrikan otomotif, keahlian, surabaya 60293, smk negeri 2 surabaya surabaya, magang, hard skills:, rizky hidayat, manajemen waktu",-,-,-,-,Engineering,summary experience skills certification vehicle performance indonesian automotive lsp 2023 engine diagnosis repair teamwork hobbies building tinkering vehicle engines soft skills latest automotive technology linkedincominrizky51806 wwwloremipsumcom troubleshooting pt lorem ipsum motors surabaya projects motor vehicle maintenance automotive electrical systems expertise surabaya 60293 smk negeri 2 surabaya surabaya internship hard skills rizky hidayat time management education automotive engineering august 2020 july 2023 smk negeri 2 surabaya surabaya studies basics automotive mechanics including engine repair vehicle electrical systems well latest automotive technology,summary experience skills certification vehicle performance indonesian automotive lsp 2023 engine diagnosis and repair teamwork hobbies building and tinkering with vehicle engines soft skills the latest automotive technology linkedincominrizky51806 wwwloremipsumcom troubleshooting pt lorem ipsum motors surabaya projects motor vehicle maintenance automotive electrical systems expertise surabaya 60293 smk negeri 2 surabaya surabaya internship hard skills rizky hidayat time management education automotive engineering august 2020 july 2023 smk negeri 2 surabaya surabaya studies the basics of automotive mechanics including engine repair vehicle electrical systems as well as the latest automotive technology,"summary: experience: skills: certification, vehicle performance., indonesian automotive lsp (2023), engine diagnosis and repair, teamwork, hobbies, building and tinkering with vehicle engines, soft skills:, the latest automotive technology., linkedin.com/in/rizky51806 | www.loremipsum.com, troubleshooting, pt. lorem ipsum motors surabaya, projects, motor vehicle maintenance, automotive electrical systems, expertise, surabaya 60293, smk negeri 2 surabaya surabaya, internship, hard skills:, rizky hidayat, time management education: automotive engineering august 2020 - july 2023 smk negeri 2 surabaya surabaya studies the basics of automotive mechanics, including engine repair, vehicle electrical systems, as well as the latest automotive technology.","['Engineer Staff', 'Project Engineer', 'Electrical Engineering (Kosmetik & Farmasi)']"
Samsul Ramli,samsul.ramli@example.com,6281234567890,"kerja tim, fleet management software, gps navigation, navigasi medan berat, ketelitian, prosedur keselamatan kerja, pemeliharaan kendaraan berat, komunikasi efektif, manajemen waktu, mengemudi dump truck",-,"dengan lebih dari 5 tahun bekerja di sektor pertambangan. memiliki keterampilan  mengemudi yang handal, memahami prosedur keselamatan kerja di tambang, serta mampu bekerja dalam  kondisi medan yang berat. berkomitmen untuk memberikan kontribusi terbaik dan bekerja dengan integritas  tinggi.  pengalaman kerja driver dt tambang april 2020 - september 2024  pt lorem ipsum mining kutai kartanegara  mengoperasikan dump truck untuk mengangkut material tambang seperti batu bara dan tanah. bertanggung  jawab atas perawatan harian kendaraan serta memastikan kondisi kendaraan selalu prima sebelum  digunakan. menerapkan prosedur keselamatan kerja yang ketat dan berhasil mencatatkan 0 kecelakaan  selama masa kerja.  driver truk juli 2017 - maret 2020  pt ipsum dolor balikpapan  mengangkut material konstruksi ke berbagai lokasi proyek. mengikuti jadwal pengiriman dengan tepat waktu  serta menjaga komunikasi dengan tim lapangan untuk koordinasi operasional. melakukan inspeksi harian  pada kendaraan untuk memastikan keselamatan dan kinerja optimal.",-,-,Operations,summary experience 5 years working mining sector reliable driving skills understand work safety procedures mines able work rough terrain conditions committed providing best contribution working high integrity dt mining driver work experience april 2020 september 2024 pt lorem ipsum mining kutai kartanegara operates dump trucks transport mining materials coal soil responsible daily vehicle maintenance ensuring vehicle always prime condition use implemented strict work safety procedures managed record 0 accidents work period truck driver july 2017 march 2020 pt ipsum dolor balikpapan transporting construction materials various project locations follow delivery schedules time maintain communication field teams operational coordination perform daily inspections vehicles ensure safety optimal performance skills team work fleet management software gps navigation rough terrain navigation accuracy work safety procedures heavy vehicle maintenance effective communication time management dump truck driving education,summary experience with more than 5 years working in the mining sector have reliable driving skills understand work safety procedures in mines and be able to work in rough terrain conditions committed to providing the best contribution and working with high integrity dt mining driver work experience april 2020 september 2024 pt lorem ipsum mining kutai kartanegara operates dump trucks to transport mining materials such as coal and soil responsible for daily vehicle maintenance and ensuring the vehicle is always in prime condition before use implemented strict work safety procedures and managed to record 0 accidents during the work period truck driver july 2017 march 2020 pt ipsum dolor balikpapan transporting construction materials to various project locations follow delivery schedules on time and maintain communication with field teams for operational coordination perform daily inspections on vehicles to ensure safety and optimal performance skills team work fleet management software gps navigation rough terrain navigation accuracy work safety procedures heavy vehicle maintenance effective communication time management dump truck driving education,"summary: experience: with more than 5 years working in the mining sector. have reliable driving skills, understand work safety procedures in mines, and be able to work in rough terrain conditions. committed to providing the best contribution and working with high integrity. dt mining driver work experience april 2020 - september 2024 pt lorem ipsum mining kutai kartanegara operates dump trucks to transport mining materials such as coal and soil. responsible for daily vehicle maintenance and ensuring the vehicle is always in prime condition before use. implemented strict work safety procedures and managed to record 0 accidents during the work period. truck driver july 2017 - march 2020 pt ipsum dolor balikpapan transporting construction materials to various project locations. follow delivery schedules on time and maintain communication with field teams for operational coordination. perform daily inspections on vehicles to ensure safety and optimal performance. skills: team work, fleet management software, gps navigation, rough terrain navigation, accuracy, work safety procedures, heavy vehicle maintenance, effective communication, time management, dump truck driving education:","['Operasional Manager', 'Operational Head', 'Production Supervisor']"
Rizki Permana,rizki.permana@email.com,62898765432100,"kepemimpinan, presentasi, microsoft office, analisis data, kerjasama tim, komunikasi efektif, manajemen waktu",-,-,SMA,-,Data,summary experience skills leadership presentation microsoft office data analysis teamwork effective communication time management education sma negeri 2 yogyakarta august 2020 july 2023 yogyakarta science program studies various subjects focus natural sciences including biology chemistry physics active extracurricular activities,summary experience skills leadership presentation microsoft office data analysis teamwork effective communication time management education sma negeri 2 yogyakarta august 2020 july 2023 yogyakarta science program studies various subjects with a focus on natural sciences including biology chemistry and physics active in extracurricular activities and,"summary: experience: skills: leadership, presentation, microsoft office, data analysis, teamwork, effective communication, time management education: sma negeri 2 yogyakarta august 2020 - july 2023 yogyakarta science program studies various subjects with a focus on natural sciences, including biology, chemistry, and physics. active in extracurricular activities and","['Data Analyst for Production Staff (CODE : PROD DA)', 'Data Scientist', 'Jr. Specialist Data Stewards']"
Andi Saputra,andi.saputra@example.com,6281234567890,"kedisiplinan, ketepatan waktu, kesabaran, microsoft office, pengetahuan rute, sim a dan sim b1, waze, perawatan kendaraan, google maps, komunikasi efektif, pelayanan pelanggan, mengemudi mobil manual dan otomatis",-,"dengan lebih dari 5 tahun di bidang transportasi. terbiasa mengemudi kendaraan  pribadi maupun operasional perusahaan. memiliki lisensi sim a dan sim b1, serta pengetahuan yang baik  tentang rute di jakarta dan sekitarnya. mengutamakan keselamatan dan kenyamanan penumpang, serta  mampu bekerja di bawah tekanan dengan baik.  pengalaman kerja driver operasional april 2018 - agustus 2024  pt lorem ipsum jakarta  bertanggung jawab atas transportasi manajemen perusahaan, tamu, dan staf operasional. menyediakan  layanan antar-jemput untuk keperluan rapat, bandara, dan perjalanan dinas. mengelola perawatan kendaraan  agar selalu dalam kondisi prima dan sesuai dengan jadwal servis rutin.  driver pribadi februari 2015 - maret 2018  keluarga bapak wijaya jakarta  mengemudikan kendaraan pribadi untuk keperluan harian keluarga. menjaga kebersihan dan perawatan  kendaraan serta memastikan perjalanan yang aman dan nyaman. mengatur jadwal perjalanan dan  memastikan tepat waktu.",SMA,-,Hospitality,summary experience 5 years transportation field accustomed driving personal company operational vehicles sim sim b1 license well good knowledge routes jakarta surroundings prioritizes passenger safety comfort able work well pressure operational driver work experience april 2018 august 2024 pt lorem ipsum jakarta responsible transportation company management guests operational staff provides shuttle services meetings airports business trips manage vehicle maintenance always top condition accordance routine service schedule private driver february 2015 march 2018 mr wijayas family jakarta drives private vehicle daily family needs maintain vehicle cleanliness maintenance ensure safe comfortable journey organize travel schedules ensure punctuality skills discipline punctuality patience microsoft office knowledge routes sim sim b1 waze vehicle maintenance google maps effective communication customer service manual automatic car driving education sma negeri 2 jakarta august 2010 july 2013 sma negeri 2 jakarta jakarta department social sciences achievement active,summary experience with more than 5 years in the transportation field accustomed to driving personal or company operational vehicles have a sim a and sim b1 license as well as good knowledge of routes in jakarta and its surroundings prioritizes passenger safety and comfort and is able to work well under pressure operational driver work experience april 2018 august 2024 pt lorem ipsum jakarta responsible for transportation of company management guests and operational staff provides shuttle services for meetings airports and business trips manage vehicle maintenance so that it is always in top condition and in accordance with the routine service schedule private driver february 2015 march 2018 mr wijayas family jakarta drives a private vehicle for daily family needs maintain vehicle cleanliness and maintenance and ensure a safe and comfortable journey organize travel schedules and ensure punctuality skills discipline punctuality patience microsoft office knowledge of routes sim a and sim b1 waze vehicle maintenance google maps effective communication customer service manual and automatic car driving education sma negeri 2 jakarta august 2010 july 2013 sma negeri 2 jakarta jakarta department social sciences achievement active in,"summary: experience: with more than 5 years in the transportation field. accustomed to driving personal or company operational vehicles. have a sim a and sim b1 license, as well as good knowledge of routes in jakarta and its surroundings. prioritizes passenger safety and comfort, and is able to work well under pressure. operational driver work experience april 2018 - august 2024 pt lorem ipsum jakarta responsible for transportation of company management, guests and operational staff. provides shuttle services for meetings, airports and business trips. manage vehicle maintenance so that it is always in top condition and in accordance with the routine service schedule. private driver february 2015 - march 2018 mr. wijaya's family, jakarta, drives a private vehicle for daily family needs. maintain vehicle cleanliness and maintenance and ensure a safe and comfortable journey. organize travel schedules and ensure punctuality. skills: discipline, punctuality, patience, microsoft office, knowledge of routes, sim a and sim b1, waze, vehicle maintenance, google maps, effective communication, customer service, manual and automatic car driving education: sma negeri 2 jakarta august 2010 - july 2013 sma negeri 2 jakarta jakarta department: social sciences achievement: active in","['Customer Relation Officer', 'Operational Manager', 'Waiter']"
Rina Saraswati,rina.saraswati@example.com,6281234567890,"untuk mencapai potensi terbaik mereka., lingkungan pembelajaran yang mendukung serta mendorong mahasiswa, dan pengembangan kurikulum. berkomitmen untuk menciptakan",dosen bahasa inggris dengan lebih dari 7 tahun pengalaman mengajar di perguruan tinggi. memiliki,mengajar  di perguruan tinggi. memiliki,S1,universitas negeri jakarta jakarta tesis,Education,summary english lecturer 7 years experience teaching higher education experience teaching higher education skills achieve best potential learning environment supports encourages students curriculum development committed creating education master english language education september 2013 july 2015 state university jakarta jakarta thesis effectiveness interactive teaching methods improving english speaking skills english language education undergraduate students september 2009 july 2013 gadjah mada university yogyakarta thesis analysis influence use digital media english language learning high schools,summary english lecturer with more than 7 years of experience teaching in higher education have experience teaching in higher education have the skills to achieve their best potential a learning environment that supports and encourages students and curriculum development committed to creating education master of english language education september 2013 july 2015 state university of jakarta jakarta thesis the effectiveness of interactive teaching methods in improving the english speaking skills of english language education undergraduate students september 2009 july 2013 gadjah mada university yogyakarta thesis analysis of the influence of the use of digital media in english language learning in high schools,"summary: english lecturer with more than 7 years of experience teaching in higher education. have experience: teaching in higher education. have the skills: to achieve their best potential., a learning environment that supports and encourages students, and curriculum development. committed to creating education: master of english language education september 2013 - july 2015 state university of jakarta jakarta thesis: the effectiveness of interactive teaching methods in improving the english speaking skills of english language education undergraduate students september 2009 - july 2013 gadjah mada university yogyakarta thesis: analysis of the influence of the use of digital media in english language learning in high schools","['Teacher / Teaching Assistant / Admin', 'Guru Matematika SMA', 'Admissions and Community Engagement Officer']"
Hendra Saputra,hendra.saputra@example.com,6281234567890,"kedisiplinan, gps navigation apps, navigasi rute, microsoft office sertifikasi, mengemudi aman, kerja mandiri, kerahasiaan, perawatan kendaraan, komunikasi efektif, kepolisian negara republik indonesia (2015), pengelolaan waktu, sim a nomor undefined",driver pribadi dengan pengalaman lebih dari 5 tahun dalam mengemudi kendaraan pribadi dan dinas. memiliki pengetahuan luas tentang rute di wilayah jabodetabek serta kemampuan mengemudi yang aman dan efisien. terbiasa bekerja dengan jadwal yang fleksibel dan memahami pentingnya menjaga privasi dan keamanan penumpang.,"lebih dari 5 tahun dalam mengemudi  kendaraan pribadi dan dinas. memiliki pengetahuan luas tentang rute di  wilayah jabodetabek serta kemampuan mengemudi yang aman dan  efisien. terbiasa bekerja dengan jadwal yang fleksibel dan memahami  pentingnya menjaga privasi dan keamanan penumpang.  pengalaman kerja driver pribadi april 2019 - september 2024  pt lorem ipsum jakarta  bertanggung jawab mengantar direktur perusahaan dan keluarga ke  berbagai lokasi di jabodetabek. menjaga kebersihan dan performa  kendaraan serta memastikan perjalanan yang aman dan nyaman.  berhasil mengurangi waktu tempuh dengan mengoptimalkan rute  perjalanan.  driver dinas februari 2016 - maret 2019  pt ipsum dolor jakarta  mengemudi kendaraan dinas untuk keperluan perusahaan, termasuk  perjalanan bisnis dan pengantaran dokumen penting. mengembangkan  reputasi sebagai pengemudi yang tepat waktu, handal, dan menjaga  kerahasiaan informasi perusahaan.",-,-,Admin,summary private driver 5 years experience driving private official vehicles extensive knowledge routes jabodetabek area well ability drive safely efficiently accustomed working flexible schedule understands importance maintaining passenger privacy security experience 5 years driving private official vehicles extensive knowledge routes jabodetabek area well ability drive safely efficiently accustomed working flexible schedule understands importance maintaining passenger privacy security private driver work experience april 2019 september 2024 pt lorem ipsum jakarta responsible transporting company directors families various locations jabodetabek maintain vehicle cleanliness performance ensure safe comfortable journey succeeded reducing travel time optimizing travel routes service driver february 2016 march 2019 pt ipsum dolor jakarta driving official vehicles company purposes including business trips delivering important documents develop reputation punctual reliable driver maintain confidentiality company information skills discipline gps navigation apps route navigation microsoft office certification safe driving independent work confidentiality vehicle maintenance effective communication republic indonesia state police 2015 time management driving license number undefined education,summary private driver with more than 5 years of experience in driving private and official vehicles have extensive knowledge of routes in the jabodetabek area as well as the ability to drive safely and efficiently accustomed to working a flexible schedule and understands the importance of maintaining passenger privacy and security experience more than 5 years in driving private and official vehicles have extensive knowledge of routes in the jabodetabek area as well as the ability to drive safely and efficiently accustomed to working a flexible schedule and understands the importance of maintaining passenger privacy and security private driver work experience april 2019 september 2024 pt lorem ipsum jakarta responsible for transporting company directors and their families to various locations in jabodetabek maintain vehicle cleanliness and performance and ensure a safe and comfortable journey succeeded in reducing travel time by optimizing travel routes service driver february 2016 march 2019 pt ipsum dolor jakarta driving official vehicles for company purposes including business trips and delivering important documents develop a reputation as a punctual reliable driver and maintain the confidentiality of company information skills discipline gps navigation apps route navigation microsoft office certification safe driving independent work confidentiality vehicle maintenance effective communication republic of indonesia state police 2015 time management driving license number undefined education,"summary: private driver with more than 5 years of experience in driving private and official vehicles. have extensive knowledge of routes in the jabodetabek area as well as the ability to drive safely and efficiently. accustomed to working a flexible schedule and understands the importance of maintaining passenger privacy and security. experience: more than 5 years in driving private and official vehicles. have extensive knowledge of routes in the jabodetabek area as well as the ability to drive safely and efficiently. accustomed to working a flexible schedule and understands the importance of maintaining passenger privacy and security. private driver work experience april 2019 - september 2024 pt lorem ipsum jakarta responsible for transporting company directors and their families to various locations in jabodetabek. maintain vehicle cleanliness and performance and ensure a safe and comfortable journey. succeeded in reducing travel time by optimizing travel routes. service driver february 2016 - march 2019 pt ipsum dolor jakarta driving official vehicles for company purposes, including business trips and delivering important documents. develop a reputation as a punctual, reliable driver and maintain the confidentiality of company information. skills: discipline, gps navigation apps, route navigation, microsoft office certification, safe driving, independent work, confidentiality, vehicle maintenance, effective communication, republic of indonesia state police (2015), time management, driving license number undefined education:","['Staff Admin', 'Administrasi Staff', 'Admin Support']"
Rina Permatasari,rina.permatasari@example.com,6289876543210,"kerja tim, kesabaran, penjualan, pemecahan masalah, komunikasi efektif, pelayanan pelanggan, manajemen stok",-,"dalam pelayanan pelanggan  dan penjualan. memiliki kemampuan komunikasi yang baik, dapat bekerja dalam tim, dan memiliki  pengetahuan tentang produk yang baik. siap untuk berkontribusi dalam menciptakan pengalaman belanja  yang positif.",SMA,-,Customer Service,summary experience customer service sales good communication skills work team good product knowledge ready contribute creating positive shopping experience skills teamwork patience sales problem solving effective communication customer service stock management education sma negeri 3 jakarta august 2020 july 2023 sma negeri 3 jakarta jakarta department social sciences average score 82100,summary experience in customer service and sales have good communication skills can work in a team and have good product knowledge ready to contribute to creating a positive shopping experience skills teamwork patience sales problem solving effective communication customer service stock management education sma negeri 3 jakarta august 2020 july 2023 sma negeri 3 jakarta jakarta department social sciences average score 82100,"summary: experience: in customer service and sales. have good communication skills, can work in a team, and have good product knowledge. ready to contribute to creating a positive shopping experience. skills: teamwork, patience, sales, problem solving, effective communication, customer service, stock management education: sma negeri 3 jakarta august 2020 - july 2023 sma negeri 3 jakarta jakarta department: social sciences average score: 82/100","['Customer Service', 'Customer Success Officer', 'Customer Relationship Officer']"
Aisha Nuraini,aisha.nuraini@example.com,6281234567890,"languages, education, empathy, evidence-based practices., member september 2020 - july 2024, experience, newborn care, references, intern midwife september 2023 - now, organization, communication, attention to detail, microsoft office, electronic health records (ehr), with a multidisciplinary team to ensure comprehensive care for patients., volunteer midwife july 2022 - september 2022, antenatal care, bachelor of midwifery september 2020 - august 2024, teamwork, telemedicine platforms, maternal and infant health outcomes., lorem ipsum community health center yogyakarta, postpartum care, hobbies, thesis: 'the effectiveness of prenatal education in reducing labor complications', patient education, +6281234567891 | maria.dewi@loremipsumhospital.com, gpa: 3.85/4.00, reading medical journals, awards, labor support, dr. maria dewi, lorem ipsum hospital, lorem ipsum hospital yogyakarta, indonesian - native, english - fluent, problem-solving, midwifery student association yogyakarta, best intern midwife from lorem ipsum hospital (2023), university of yogyakarta yogyakarta",-,"in providing high-quality care to mothers  and newborns. skilled in prenatal, labor, and postpartum care, with strong communication and patient",S1,university of yogyakarta yogyakarta gpa,Healthcare,summary experience providing highquality care mothers newborns skilled prenatal labor postpartum care strong communication patient skills languages education empathy evidencebased practices member september 2020 july 2024 experience newborn care references intern midwife september 2023 organization communication attention detail microsoft office electronic health records ehr multidisciplinary team ensure comprehensive care patients volunteer midwife july 2022 september 2022 antenatal care bachelor midwifery september 2020 august 2024 teamwork telemedicine platforms maternal infant health outcomes lorem ipsum community health center yogyakarta postpartum care hobbies thesis effectiveness prenatal education reducing labor complications patient education 6281234567891 mariadewiloremipsumhospitalcom gpa 385400 reading medical journals awards labor support dr maria dewi lorem ipsum hospital lorem ipsum hospital yogyakarta indonesian native english fluent problemsolving midwifery student association yogyakarta best intern midwife lorem ipsum hospital 2023 university yogyakarta yogyakarta education abilities committed promoting health wellbeing women infants evidencebased practices education bachelor midwifery september 2020 august 2024 university yogyakarta yogyakarta gpa 385400 thesis effectiveness prenatal education reducing labor complications,summary experience in providing highquality care to mothers and newborns skilled in prenatal labor and postpartum care with strong communication and patient skills languages education empathy evidencebased practices member september 2020 july 2024 experience newborn care references intern midwife september 2023 now organization communication attention to detail microsoft office electronic health records ehr with a multidisciplinary team to ensure comprehensive care for patients volunteer midwife july 2022 september 2022 antenatal care bachelor of midwifery september 2020 august 2024 teamwork telemedicine platforms maternal and infant health outcomes lorem ipsum community health center yogyakarta postpartum care hobbies thesis the effectiveness of prenatal education in reducing labor complications patient education 6281234567891 mariadewiloremipsumhospitalcom gpa 385400 reading medical journals awards labor support dr maria dewi lorem ipsum hospital lorem ipsum hospital yogyakarta indonesian native english fluent problemsolving midwifery student association yogyakarta best intern midwife from lorem ipsum hospital 2023 university of yogyakarta yogyakarta education abilities committed to promoting the health and wellbeing of women and infants through evidencebased practices education bachelor of midwifery september 2020 august 2024 university of yogyakarta yogyakarta gpa 385400 thesis the effectiveness of prenatal education in reducing labor complications,"summary: experience: in providing high-quality care to mothers and newborns. skilled in prenatal, labor, and postpartum care, with strong communication and patient skills: languages, education, empathy, evidence-based practices., member september 2020 - july 2024, experience, newborn care, references, intern midwife september 2023 - now, organization, communication, attention to detail, microsoft office, electronic health records (ehr), with a multidisciplinary team to ensure comprehensive care for patients., volunteer midwife july 2022 - september 2022, antenatal care, bachelor of midwifery september 2020 - august 2024, teamwork, telemedicine platforms, maternal and infant health outcomes., lorem ipsum community health center yogyakarta, postpartum care, hobbies, thesis: 'the effectiveness of prenatal education in reducing labor complications', patient education, +6281234567891 | maria.dewi@loremipsumhospital.com, gpa: 3.85/4.00, reading medical journals, awards, labor support, dr. maria dewi, lorem ipsum hospital, lorem ipsum hospital yogyakarta, indonesian - native, english - fluent, problem-solving, midwifery student association yogyakarta, best intern midwife from lorem ipsum hospital (2023), university of yogyakarta yogyakarta education: abilities. committed to promoting the health and well-being of women and infants through evidence-based practices. education bachelor of midwifery september 2020 - august 2024 university of yogyakarta yogyakarta gpa: 3.85/4.00 thesis: 'the effectiveness of prenatal education in reducing labor complications'","['Perawat', 'Nurse', 'Medical Representative']"
Rizal Mahendra,rizal.mahendra@example.com,6281234567890,"referensi, visual studio code, +6281234567890, www.rizalmahendra.com, jaringan komputer, (mysql, postgresql), rizal.mahendra@example.com, nilai rata-rata: 90/100, linkedin.com/in/rizal-mahendra, jakarta timur 13830 ringkasan, soft skills:, mysql workbench, eclipse, pengelolaan basis data., pemecahan masalah, +6281234567891 | indra.setiawan@sman7jakarta.sch.id, komunikasi efektif, rizal mahendra, riwayat organisasi, database management, github penghargaan, bermain game strategi, java, c++), jakarta (2024), kerja tim, jurusan: teknik informatika, software skills:, bahasa, kemampuan analitis, hard skills:, sistem operasi (linux,, sma negeri 7 jakarta jakarta, pt ipsum lorem jakarta, pemrograman (python,, dalam pengembangan teknologi informasi., windows)","lulusan sma jurusan teknik informatika yang memiliki pengetahuan dasar dalam pemrograman, jaringan komputer, dan pengelolaan database. memiliki kemampuan dalam bekerja sama dalam tim dan memiliki motivasi yang tinggi untuk terus belajar serta berkontribusi dalam pengembangan teknologi informasi.","magang di bagian it support agustus 2024 - oktober 2024  pt ipsum lorem jakarta  memberikan dukungan teknis kepada pengguna sistem dan perangkat  keras di perusahaan, termasuk perawatan jaringan dan troubleshooting  masalah komputer. membantu memperbarui perangkat lunak dan  pengelolaan basis data.  riwayat",SMA,-,Software,summary high school graduate majoring informatics engineering basic knowledge programming computer networks database management ability work together team high motivation continue learning contributing development information technology experience internship support section august 2024 october 2024 pt ipsum lorem jakarta provides technical support system hardware users company including network maintenance troubleshooting computer problems helps software updates database management history skills reference visual studio code 6281234567890 wwwrizalmahendracom computer network mysql postgresql rizalmahendraexamplecom average score 90100 linkedincominrizalmahendra jakarta timur 13830 summary soft skills mysql workbench eclipse management database troubleshooting 6281234567891 indrasetiawansman7jakartaschid effective communication rizal mahendra organizational history database management github awards playing strategy games java c jakarta 2024 team work major informatics engineering software skills language analytical skills hard skills operating systems linux sma negeri 7 jakarta jakarta pt ipsum lorem jakarta programming python development information technology windows education sma negeri 7 jakarta august 2021 july 2024 sma negeri 7 jakarta jakarta department informatics engineering average score 90100 achievement 1st place interschool programming competition 2023,summary high school graduate majoring in informatics engineering who has basic knowledge in programming computer networks and database management have the ability to work together in a team and have high motivation to continue learning and contributing to the development of information technology experience internship in it support section august 2024 october 2024 pt ipsum lorem jakarta provides technical support to system and hardware users in the company including network maintenance and troubleshooting computer problems helps with software updates and database management history skills reference visual studio code 6281234567890 wwwrizalmahendracom computer network mysql postgresql rizalmahendraexamplecom average score 90100 linkedincominrizalmahendra jakarta timur 13830 summary soft skills mysql workbench eclipse management database troubleshooting 6281234567891 indrasetiawansman7jakartaschid effective communication rizal mahendra organizational history database management github awards playing strategy games java c jakarta 2024 team work major informatics engineering software skills language analytical skills hard skills operating systems linux sma negeri 7 jakarta jakarta pt ipsum lorem jakarta programming python in the development of information technology windows education sma negeri 7 jakarta august 2021 july 2024 sma negeri 7 jakarta jakarta department informatics engineering average score 90100 achievement 1st place in interschool programming competition 2023,"summary: high school graduate majoring in informatics engineering who has basic knowledge in programming, computer networks, and database management. have the ability to work together in a team and have high motivation to continue learning and contributing to the development of information technology. experience: internship in it support section august 2024 - october 2024 pt ipsum lorem jakarta provides technical support to system and hardware users in the company, including network maintenance and troubleshooting computer problems. helps with software updates and database management. history skills: reference, visual studio code, +6281234567890, www.rizalmahendra.com, computer network, (mysql, postgresql), rizal.mahendra@example.com, average score: 90/100, linkedin.com/in/rizal-mahendra, jakarta timur 13830 summary, soft skills:, mysql workbench, eclipse, management database., troubleshooting, +6281234567891 | indra.setiawan@sman7jakarta.sch.id, effective communication, rizal mahendra, organizational history, database management, github awards, playing strategy games, java, c++), jakarta (2024), team work, major: informatics engineering, software skills:, language, analytical skills, hard skills:, operating systems (linux,, sma negeri 7 jakarta jakarta, pt ipsum lorem jakarta, programming (python,, in the development of information technology., windows) education: sma negeri 7 jakarta august 2021 - july 2024 sma negeri 7 jakarta jakarta department: informatics engineering average score: 90/100 achievement: 1st place in inter-school programming competition (2023)","['IT Support', 'IT Engineer', 'Data Engineer']"
Nina Putri,nina.putri@example.com,6281234567890,"kepemimpinan, pemasaran digital, google workspace, kerja tim, trello, microsoft office, manajemen proyek, canva, analisis data, pemecahan masalah, perencanaan bisnis, komunikasi efektif","lulusan manajemen yang memiliki keterampilan dalam perencanaan bisnis, manajemen proyek, serta komunikasi yang efektif. memiliki pengalaman dalam mengelola tim dan proyek dengan fokus pada pengoptimalan proses serta pencapaian target. siap untuk memberikan kontribusi positif dalam dunia profesional.",dalam mengelola tim dan proyek  dengan fokus pada  pengoptimalan proses serta  pencapaian target. siap untuk  memberikan kontribusi positif  dalam dunia profesional.,-,universitas xyz oktober 2020,Data,summary management graduate skills business planning project management effective communication experience managing teams projects focus optimizing processes achieving targets ready make positive contribution professional world experience managing teams projects focus optimizing processes achieving targets ready make positive contribution professional world skills leadership digital marketing google workspace team work trello microsoft office project management canva data analysis problem solving business planning effective communication education xyz university october 2020 august 2024 xyz university jakarta department management gpa 380400 final project marketing strategies increase sales healthy food products jakarta,summary management graduate who has skills in business planning project management and effective communication has experience in managing teams and projects with a focus on optimizing processes and achieving targets ready to make a positive contribution in the professional world experience in managing teams and projects with a focus on optimizing processes and achieving targets ready to make a positive contribution in the professional world skills leadership digital marketing google workspace team work trello microsoft office project management canva data analysis problem solving business planning effective communication education xyz university october 2020 august 2024 xyz university jakarta department management gpa 380400 final project marketing strategies to increase sales of healthy food products in jakarta,"summary: management graduate who has skills in business planning, project management, and effective communication. has experience in managing teams and projects with a focus on optimizing processes and achieving targets. ready to make a positive contribution in the professional world. experience: in managing teams and projects with a focus on optimizing processes and achieving targets. ready to make a positive contribution in the professional world. skills: leadership, digital marketing, google workspace, team work, trello, microsoft office, project management, canva, data analysis, problem solving, business planning, effective communication education: xyz university october 2020 - august 2024 xyz university jakarta department: management gpa: 3.80/4.00 final project: 'marketing strategies to increase sales of healthy food products in jakarta'","['Data Analyst for Production Staff (CODE : PROD DA)', 'Data Scientist', 'Jr. Specialist Data Stewards']"
Alya Putri,alya.putri@example.com,6281234567890,"google workspace, kerja tim, trello, microsoft office, canva, multitasking, pemecahan masalah, komunikasi efektif, pengoperasian mesin kasir",-,"sebelumnya, saya cepat belajar, memiliki kemampuan komunikasi yang baik, dan siap  beradaptasi di lingkungan kerja baru. saya memiliki ketertarikan yang kuat terhadap dunia kopi dan layanan  pelanggan.",SMA,-,Customer Service,summary experience previously fast learner good communication skills ready adapt new work environment strong interest world coffee customer service skills google workspace teamwork trello microsoft office canva multitasking problem solving effective communication cash register operation education sma negeri 3 jakarta august 2020 july 2023 sma negeri 3 jakarta jakarta department science average score 85100,summary experience previously i was a fast learner had good communication skills and was ready to adapt to a new work environment i have a strong interest in the world of coffee and customer service skills google workspace teamwork trello microsoft office canva multitasking problem solving effective communication cash register operation education sma negeri 3 jakarta august 2020 july 2023 sma negeri 3 jakarta jakarta department science average score 85100,"summary: experience: previously, i was a fast learner, had good communication skills, and was ready to adapt to a new work environment. i have a strong interest in the world of coffee and customer service. skills: google workspace, teamwork, trello, microsoft office, canva, multitasking, problem solving, effective communication, cash register operation education: sma negeri 3 jakarta august 2020 - july 2023 sma negeri 3 jakarta jakarta department: science average score: 85/100","['Customer Service', 'Customer Success Officer', 'Customer Relationship Officer']"
Ahmad Sutrisno,ahmad.sutrisno@email.com,62812345678901,"untuk meningkatkan efisiensi bahan bakar dan performa mesin., sertifikasi, perbaikan sistem, lsp otomotif indonesia (2023), diagnosis kerusakan mesin, kelistrikan kendaraan, kerjasama tim, mekanik magang februari 2023 - april 2023, manajemen waktu, software diagnosis mesin magang, melakukan modifikasi pada sistem injeksi bahan bakar sepeda motor, microsoft office, autocad,, pt. lorem ipsum otomotif surabaya, proyek, kedisiplinan, kendaraan dan membantu proses diagnosis serta perbaikan mesin, kendaraan bermotor., proyek akhir: modifikasi sistem, bekerja sama dengan mekanik senior dalam melakukan perawatan rutin, smk negeri 2 surabaya surabaya, injeksi motor mei 2023 - juni 2023, perawatan mesin, kendaraan",lulusan smk otomotif yang memiliki kemampuan dalam perawatan dan perbaikan kendaraan bermotor. berpengalaman dalam melakukan diagnosis kerusakan mesin dan mampu bekerja di bawah tekanan dengan ketelitian tinggi. terbiasa bekerja secara mandiri maupun dalam tim.,dalam melakukan  diagnosis kerusakan mesin dan mampu bekerja di bawah tekanan  dengan ketelitian tinggi. terbiasa bekerja secara mandiri maupun dalam  tim.,-,-,Engineering,summary automotive vocational graduates ability maintain repair motor vehicles experienced diagnosing machine damage able work pressure high accuracy accustomed working independently team experience diagnosing machine damage able work pressure high accuracy accustomed working independently team skills improve fuel efficiency engine performance certification system repair indonesian automotive lsp 2023 engine damage diagnosis vehicle electricity teamwork apprentice mechanic february 2023 april 2023 time management apprentice engine diagnosis software making modifications motorbike fuel injection systems microsoft office autocad pt lorem ipsum automotive surabaya projects disciplines vehicles assisting process diagnosing repairing engines motor vehicles final project system modification working senior mechanics carrying routine maintenance smk negeri 2 surabaya surabaya motor injection may 2023 june 2023 engine maintenance vehicles education automotive august 2020 july 2023 smk negeri 2 surabaya surabaya studying basics automotive engineering including maintenance repair diagnosis damage motorized vehicles,summary automotive vocational graduates who have the ability to maintain and repair motor vehicles experienced in diagnosing machine damage and able to work under pressure with high accuracy accustomed to working independently or in a team experience in diagnosing machine damage and able to work under pressure with high accuracy accustomed to working independently or in a team skills to improve fuel efficiency and engine performance certification system repair indonesian automotive lsp 2023 engine damage diagnosis vehicle electricity teamwork apprentice mechanic february 2023 april 2023 time management apprentice engine diagnosis software making modifications to motorbike fuel injection systems microsoft office autocad pt lorem ipsum automotive surabaya projects disciplines vehicles and assisting in the process of diagnosing and repairing engines motor vehicles final project system modification working with senior mechanics in carrying out routine maintenance smk negeri 2 surabaya surabaya motor injection may 2023 june 2023 engine maintenance vehicles education automotive august 2020 july 2023 smk negeri 2 surabaya surabaya studying the basics of automotive engineering including maintenance repair and diagnosis of damage to motorized vehicles,"summary: automotive vocational graduates who have the ability to maintain and repair motor vehicles. experienced in diagnosing machine damage and able to work under pressure with high accuracy. accustomed to working independently or in a team. experience: in diagnosing machine damage and able to work under pressure with high accuracy. accustomed to working independently or in a team. skills: to improve fuel efficiency and engine performance., certification, system repair, indonesian automotive lsp (2023), engine damage diagnosis, vehicle electricity, teamwork, apprentice mechanic february 2023 - april 2023, time management, apprentice engine diagnosis software, making modifications to motorbike fuel injection systems, microsoft office, autocad,, pt. lorem ipsum automotive surabaya, projects, disciplines, vehicles and assisting in the process of diagnosing and repairing engines, motor vehicles., final project: system modification, working with senior mechanics in carrying out routine maintenance, smk negeri 2 surabaya surabaya, motor injection may 2023 - june 2023, engine maintenance, vehicles education: automotive august 2020 - july 2023 smk negeri 2 surabaya surabaya studying the basics of automotive engineering including maintenance, repair and diagnosis of damage to motorized vehicles.","['Engineer Staff', 'Project Engineer', 'Electrical Engineering (Kosmetik & Farmasi)']"
Alice Smith,alice.smith@example.com,6281234567890,"problem solving, best new dish award from chicago food festival (2022), languages, management october 2017 - july 2021, software awards, prep cook august 2021 - now, education, effective communication, sous chef february 2022, university of illinois chicago, focused on food service management and restaurant operations. gpa:, bachelor of science in hospitality, time management, assist in managing kitchen operations, preparing meals, and training, experience, employee of the month from trendy cafe (2023), microsoft office, fresh eats chicago, experimenting with new recipes references, +6289876543210 | robert.johnson@trendycafe.com, cooking techniques, restaurant management, menu development, trendy cafe chicago, hobbies, chef robert johnson, trendy cafe, menus and ensure customer satisfaction., prepared ingredients for daily menu items and maintained cleanliness of, 3.6/4.0., food safety management, english - native, french - proficient",creative and,"d cook with over 4 years in the food service  industry. proficient in preparing diverse cuisines, maintaining high  standards of food safety, and contributing to menu development. eager  to leverage culinary",S1,university of illinois chicago focused on food service management and restaurant operations,Hospitality,summary creative experience cook 4 years food service industry proficient preparing diverse cuisines maintaining high standards food safety contributing menu development eager leverage culinary skills problem solving best new dish award chicago food festival 2022 languages management october 2017 july 2021 software awards prep cook august 2021 education effective communication sous chef february 2022 university illinois chicago focused food service management restaurant operations gpa bachelor science hospitality time management assist managing kitchen operations preparing meals training experience employee month trendy cafe 2023 microsoft office fresh eats chicago experimenting new recipes references 6289876543210 robertjohnsontrendycafecom cooking techniques restaurant management menu development trendy cafe chicago hobbies chef robert johnson trendy cafe menus ensure customer satisfaction prepared ingredients daily menu items maintained cleanliness 3640 food safety management english native french proficient education bachelor science hospitality management october 2017 july 2021 university illinois chicago focused food service management restaurant operations gpa 3640,summary creative and experience d cook with over 4 years in the food service industry proficient in preparing diverse cuisines maintaining high standards of food safety and contributing to menu development eager to leverage culinary skills problem solving best new dish award from chicago food festival 2022 languages management october 2017 july 2021 software awards prep cook august 2021 now education effective communication sous chef february 2022 university of illinois chicago focused on food service management and restaurant operations gpa bachelor of science in hospitality time management assist in managing kitchen operations preparing meals and training experience employee of the month from trendy cafe 2023 microsoft office fresh eats chicago experimenting with new recipes references 6289876543210 robertjohnsontrendycafecom cooking techniques restaurant management menu development trendy cafe chicago hobbies chef robert johnson trendy cafe menus and ensure customer satisfaction prepared ingredients for daily menu items and maintained cleanliness of 3640 food safety management english native french proficient education bachelor of science in hospitality management october 2017 july 2021 university of illinois chicago focused on food service management and restaurant operations gpa 3640,"summary: creative and experience: d cook with over 4 years in the food service industry. proficient in preparing diverse cuisines, maintaining high standards of food safety, and contributing to menu development. eager to leverage culinary skills: problem solving, best new dish award from chicago food festival (2022), languages, management october 2017 - july 2021, software awards, prep cook august 2021 - now, education, effective communication, sous chef february 2022, university of illinois chicago, focused on food service management and restaurant operations. gpa:, bachelor of science in hospitality, time management, assist in managing kitchen operations, preparing meals, and training, experience, employee of the month from trendy cafe (2023), microsoft office, fresh eats chicago, experimenting with new recipes references, +6289876543210 | robert.johnson@trendycafe.com, cooking techniques, restaurant management, menu development, trendy cafe chicago, hobbies, chef robert johnson, trendy cafe, menus and ensure customer satisfaction., prepared ingredients for daily menu items and maintained cleanliness of, 3.6/4.0., food safety management, english - native, french - proficient education: bachelor of science in hospitality management october 2017 - july 2021 university of illinois chicago focused on food service management and restaurant operations. gpa: 3.6/4.0.","['Customer Relation Officer', 'Operational Manager', 'Waiter']"
Siti Aulia,siti.aulia@example.com,6281234567890,"kepemimpinan, google workspace, kerja tim, spss, microsoft office, manajemen proyek, analisis data, pemecahan masalah, perencanaan bisnis, komunikasi efektif","lulusan fresh graduate dengan gelar sarjana manajemen dan pengalaman magang di bidang pemasaran. memiliki kemampuan analisis yang baik, serta keterampilan dalam perencanaan bisnis dan pengelolaan tim. bersemangat untuk mengembangkan keterampilan profesional di perusahaan yang berkembang.","magang di bidang pemasaran. memiliki kemampuan  analisis yang baik, serta keterampilan dalam perencanaan bisnis dan  pengelolaan tim. bersemangat untuk mengembangkan keterampilan  profesional di perusahaan yang berkembang.",S1,universitas lorem ipsum bandung ipk,Data,summary fresh graduate bachelors degree management internship experience marketing field good analytical skills well skills business planning team management passionate developing professional skills growing company experience internship marketing good analytical skills well skills business planning team management passionate developing professional skills growing company skills leadership google workspace team work spss microsoft office project management data analysis problem solving business planning effective communication education bachelor management october 2019 august 2023 lorem ipsum university bandung gpa 375400 thesis marketing strategy analysis increase brand awareness startups indonesia,summary fresh graduate with a bachelors degree in management and internship experience in the marketing field have good analytical skills as well as skills in business planning and team management passionate about developing professional skills in a growing company experience internship in marketing have good analytical skills as well as skills in business planning and team management passionate about developing professional skills in a growing company skills leadership google workspace team work spss microsoft office project management data analysis problem solving business planning effective communication education bachelor of management october 2019 august 2023 lorem ipsum university bandung gpa 375400 thesis marketing strategy analysis to increase brand awareness in startups in indonesia,"summary: fresh graduate with a bachelor's degree in management and internship experience in the marketing field. have good analytical skills, as well as skills in business planning and team management. passionate about developing professional skills in a growing company. experience: internship in marketing. have good analytical skills, as well as skills in business planning and team management. passionate about developing professional skills in a growing company. skills: leadership, google workspace, team work, spss, microsoft office, project management, data analysis, problem solving, business planning, effective communication education: bachelor of management october 2019 - august 2023 lorem ipsum university bandung gpa: 3.75/4.00 thesis: 'marketing strategy analysis to increase brand awareness in start-ups in indonesia'","['Data Analyst for Production Staff (CODE : PROD DA)', 'Data Scientist', 'Jr. Specialist Data Stewards']"
